Município;Estado;Nome do Incumbente;Nome do Principal Adversário em 2016;Nome do Principal Adversário em 2020;Populaçăo;ln_pop;Faixa de Populaçăo;Regiăo do País;Gęnero;reeleito;Partido;Número efetivo de candidatos de 2020;Número efetivo de candidatos de 2016;delta_nec (2020-2016);Votos válidos 2016;Abstençăo 2016;Eleitores 2016;Voto do Incumbente em 2016;Voto do Principal Adversário de 2016;% do eleitorado do Incumbente 2016;% do eleitorado do P, Adversário 2016;Vantagem do Incumbente no primeiro turno 2016;Votos válidos 2020;Abstençăo 2020;Eleitores 2020;Voto do Incumbente em 2020;Voto do Principal Adversário de 2020;% do eleitorado do Incumbente 2020;% do eleitorado do P, Adversário 2020;Vantagem do Incumbente no primeiro turno 2020;delta_vantagem (2020-2016);Atividade com maior valor adicionado bruto;Produto Interno Bruto per capita,  a preços correntes (R$ 1,00);Durante o período da pandemia do COVID-19 foi necessário manter pessoas por mais de 24 horas em unidades sem internaçăo;Foi instalado hospital de campanha durante a pandemia da COVID-19 no município;Houve a instalaçăo de tendas de triagem para o combate da COVID-19, no município;Local (público ou privado) com condiçőes de realizar testes PCR ou sorológicos em pacientes suspeitos de COVID-19 - existęncia;Nos casos de internaçăo por COVID-19, houve necessidade de referenciar o(s) paciente(s) para outro município;O número de internaçőes ultrapassou a capacidade de leitos e de unidades de tratamento intensivo (UTI) públicos ou privados con;O número de leitos foi ampliado para atender ŕ demanda por internaçăo no município em virtude da COVID-19;Serviço de atendimento de emergęncia - Serviço público municipal;Vigilância epidemiológica;Obrigatoriedade de máscara;Dias da eleiçăo - Máscara;Dias da eleiçăo - Máscara (Normalizado);Início da restriçăo ao comércio;Dias da eleiçăo - Restriçăo ao comércio;Dias da eleiçăo - Restriçăo ao comércio (Normalizado);IFDM 2016;IFDM Saúde 2016;IFDM Emprego 2016;IFDM 2020;IFDM Saúde 2020;IFDM Emprego 2020;delta_firjan_geral_16_20;piora_geral_16_20;delta_firjan_saude_16_20;piora_saude_16_20;delta_firjan_emprego_16_20;piora_emprego_16_20;tx_abstencao_2016;tx_abstencao_2020;delta_abstencao_pp;NEC_2016_calc;NEC_2020_calc;delta_competicao_diff;delta_competicao_log;Gestao_Index;Gestao_Index_c;delta_abstencao_pp_c;delta_competicao_diff_c;delta_competicao_log_c;vantagem2016_c;UF;Populacao;VD1_Reeleito;VD2_DeltaVantagem;mask_27A
Brasileia;AC;FERNANDA HASSEM;MANOEL PRETE;LEILA GALVĂO;27.123;10;4 - 20001 até 50000;1 - Norte;FEMININO;1;PT;2,069842897;1,992140384;0,077702513;13758;3855;17613;6819;6013;39;34;5;13.522;3322;16844;7651;4590;45;27;18;14;Administraçăo, defesa, educaçăo e saúde públicas e seguridade social;17.981,49;Năo;Năo;Năo;Năo;Sim;Sim;Sim;Năo;Sim;22/05/2020;177;0,634285714;22/05/2020;177;0,238636364;0,4013;0,3308;0,4749;0,4832;0,3942;0,4891;0,0819;0;0,0634;0;0,0142;0;0.21887242377789132;0.1972215625742104;-2.165086120368093;1.992140384;2.069842897;0.07770251299999997;0.03826307865319104;0.26756029685714283;-0.48916512058067846;-7.60028189838129;0.18324614504316541;0.08513838330466683;-6.151079136690647;AC;27123;1;14;True
Epitaciolandia;AC;TIĂO FLORES;MARCOS FERNANDO;DELEGADO SERGIO LOPES ;18.979;10;3 - 10001 até 20000;1 - Norte;MASCULINO;0;PP;2,868590577;2,657969889;0,210620688;9276;2283;11559;4068;3026;35;26;9;9.447;2285;11732;741;3984;6;34;-28;-37;Administraçăo, defesa, educaçăo e saúde públicas e seguridade social;23.156,18;Năo;Năo;Sim;Sim;Sim;Năo;Năo;Năo;Sim;20/05/2020;179;0,645714286;20/05/2020;179;0,261363636;0,3589;0,2553;0,4418;0,3918;0,2884;0,4493;0,0329;0;0,0331;0;0,0075;0;0.1975084349857254;0.19476645073303783;-0.2741984252687568;2.657969889;2.868590577;0.2106206880000001;0.07625818921049132;0.415296846;-0.3414285714378213;-5.7093942032819545;0.3161643200431655;0.12313349386196712;-2.1510791366906474;AC;18979;0;-37;True
Mancio lima;AC;ISAAC LIMA;SILENE SIQUEIRA;CHICĂO;19.643;10;3 - 10001 até 20000;1 - Norte;MASCULINO;1;PT;1,985157322;2,02148981;-0,036332488;9890;2090;11980;5390;4024;45;34;11;10.964;2177;13141;4115;3460;31;26;5;-6;Administraçăo, defesa, educaçăo e saúde públicas e seguridade social;11.955,02;Năo;Năo;Sim;Sim;Sim;Năo;Sim;Năo;Sim;05/05/2020;194;0,731428571;20/03/2020;240;0,954545455;0,3001;0,2883;0,2509;0,3517;0,3806;0,2516;0,0516;0;0,0923;0;0,0007;0;0.17445742904841402;0.1656647134921239;-0.8792715556290132;2.02148981;1.985157322;-0.036332487999999774;-0.01813660286047832;0.6694248608571429;-0.08730055658067837;-6.31446733364221;0.06921114404316567;0.028738701790997478;-0.15107913669064743;AC;19643;1;-6;True
Porto acre;AC;BENÉ DAMASCENO;DANIEL NOGUEIRA;ZÉ MARIA;19.141;10;3 - 10001 até 20000;1 - Norte;MASCULINO;1;PP;2,383062228;2,958365771;-0,575303542;10381;950;11331;4442;3227;39;28;11;10.026;2613;12639;5415;2761;43;22;21;10;Administraçăo, defesa, educaçăo e saúde públicas e seguridade social;12.948,19;Năo;Năo;Năo;Sim;Sim;Năo;Năo;Năo;Sim;10/09/2020;66;0;20/03/2020;240;0,954545455;0,3439;0,401;0,404;0,2917;0,3302;0,3133;-0,0522;1;-0,0708;1;-0,0907;1;0.08384079075103698;0.20674103963921198;12.2900248888175;2.958365771;2.383062228;-0.575303543;-0.2162507004001082;0.27922077928571426;-0.47750463815210703;6.854829110804303;-0.46975991095683456;-0.1693753957486324;-0.15107913669064743;AC;19141;1;10;True
Sena madureira;AC;MAZINHO SERAFIM;TOINHA VIEIRA;GERLEN DINIZ;47.168;11;4 - 20001 até 50000;1 - Norte;MASCULINO;1;MDB;1,965406168;3,12608268;-1,160676513;21448;6108;27556;7889;6986;29;25;3;22.382;6603;28985;12183;9329;42;32;10;7;Administraçăo, defesa, educaçăo e saúde públicas e seguridade social;12.490,26;Năo;Sim;Sim;Sim;Sim;Sim;Sim;Sim;Sim;22/04/2020;207;0,805714286;22/04/2020;207;0,579545455;0,2451;0,1584;0,3592;0,3093;0,2509;0,3632;0,0642;0;0,0925;0;0,004;0;0.22165771519814195;0.22780748663101605;0.6149771432874096;3.12608268;1.965406168;-1.1606765120000002;-0.4640817555520645;0.9121799629999999;0.15545454556217864;-4.820218634725787;-1.0551328799568347;-0.4172064509005887;-8.151079136690647;AC;47168;1;7;True
Delmiro gouveia;AL;PADRE ERALDO;GIVALDO CARIMBĂO;ZIANE COSTA;52.501;11;5 - 50001 até 100000;2 - Nordeste;MASCULINO;0;PSD;3,215702044;2,369884547;0,845817497;30197;5940;36137;14722;10107;41;28;13;28.673;8804;37477;8989;10948;24;29;-5;-18;Administraçăo, defesa, educaçăo e saúde públicas e seguridade social;11.926,88;Năo;Năo;Sim;Sim;Sim;Sim;Sim;Sim;Sim;06/05/2020;193;0,725714286;20/03/2020;240;0,954545455;0,3021;0,3314;0,4121;0,447;0,5029;0,4044;0,1449;0;0,1715;0;-0,0077;1;0.1643744638459197;0.23491741601515595;7.0542952169236255;2.369884547;3.215702044;0.8458174970000001;0.30520445940021174;0.8114656772857142;0.05474025984789288;1.6190994389104283;0.9513611290431655;0.3520797640516875;1.8489208633093526;AL;52501;0;-18;True
Marechal deodoro;AL;CACAU;JUNIOR DAMASO;JUNIOR DAMASO;52.848;11;5 - 50001 até 100000;2 - Nordeste;MASCULINO;1;MDB;1,999998978;1,999999825;-8,46835E-07;29765;5051;34816;13536;13528;39;39;0;31.667;6676;38343;14702;14681;38;38;0;0;Indústrias de transformaçăo;54.137,07;Sim;Sim;Sim;Sim;Sim;Năo;Năo;Sim;Sim;21/04/2020;208;0,811428571;20/03/2020;240;0,954545455;0,4055;0,387;0,5945;0,5433;0,572;0,6216;0,1378;0;0,185;0;0,0271;0;0.14507697610294118;0.17411261507967557;2.903563897673439;1.999999825;1.999998978;-8.469999999149991e-07;-4.235001267151146e-07;0.8237105751428572;0.06698515770503588;-2.5316318803397584;0.10554278504316553;0.04687488115134908;-11.151079136690647;AL;52848;1;0;True
Palmeira dos indios;AL;JULIO CEZAR;DOUTORA VERÔNICA MEDEIROS;MOSABELLE RIBEIRO;73.452;11;5 - 50001 até 100000;2 - Nordeste;MASCULINO;1;PSB;2,019969293;2,010159169;0,009810124;40715;8605;49320;23786;9936;48;20;28;38.811;11994;50805;21469;13010;42;26;17;-11;Administraçăo, defesa, educaçăo e saúde públicas e seguridade social;13.595,71;Sim;Năo;Sim;Sim;Sim;Sim;Sim;Sim;Sim;24/04/2020;205;0,794285714;20/03/2020;240;0,954545455;0,4089;0,3976;0,3913;0,5075;0,4596;0,4316;0,0986;0;0,062;0;0,0403;0;0.1744728304947283;0.23607912607026868;6.160629557554037;2.010159169;2.019969293;0.00981012399999992;0.00486840231947116;0.8212615955714285;0.06453617813360724;0.7254337795408397;0.11535375604316536;0.051743706970946955;16.848920863309353;AL;73452;1;-11;True
Rio largo;AL;GILBERTO GONÇALVES;PEDRO VICTOR;PEDRO VICTOR;75.662;11;5 - 50001 até 100000;2 - Nordeste;MASCULINO;1;PP;2,177340213;4,196991078;-2,019650865;44993;7335;52328;12633;10754;24;21;4;46.916;10716;57632;25355;13945;44;24;20;16;Demais serviços;17.389,26;Sim;Năo;Sim;Sim;Sim;Sim;Sim;Năo;Sim;30/04/2020;199;0,76;20/03/2020;240;0,954545455;0,3894;0,3324;0,601;0,4964;0,392;0,6256;0,107;0;0,0596;0;0,0246;0;0.14017352086836876;0.18593836757357024;4.576484670520148;4.196991078;2.177340213;-2.019650865;-0.6562638124344873;0.6735064935714286;-0.08321892386639274;-0.8587111074930496;-1.9141072329568345;-0.6093885077830115;-7.151079136690647;AL;75662;1;16;True
Uniao dos palmares;AL;KIL;EDUARDO PEDROZA;SEBASTIĂO DE JESUS;65.963;11;5 - 50001 até 100000;2 - Nordeste;MASCULINO;1;MDB;3,455846551;2,159772284;1,296074266;35547;7484;43031;17817;12734;41;30;12;34.512;10441;44953;13008;9800;29;22;7;-5;Agricultura, inclusive apoio ŕ agricultura e a pós colheita;19.509,04;Năo;Sim;Sim;Sim;Sim;Năo;Sim;Năo;Sim;30/04/2020;199;0,76;20/03/2020;240;0,954545455;0,332;0,3333;0,3711;0,4745;0,5002;0,3815;0,1425;0;0,1669;0;0,0104;0;0.1739211266296391;0.23226480991257537;5.8343683282936265;2.159772284;3.455846551;1.2960742669999998;0.47006465713926043;0.8163636364285713;0.05963821899075006;0.3991725502804293;1.4016178990431654;0.5169399617907362;0.8489208633093526;AL;65963;1;-5;True
Autazes;AM;ANDRESON CAVALCANTE;THOMÉ;THOMÉ NETO;41.005;11;4 - 20001 até 50000;1 - Norte;MASCULINO;1;PSC;3,030903612;2,574249797;0,456653815;21767;2073;23840;9729;8163;41;34;7;22.322;4043;26365;9101;7461;35;28;6;0;Administraçăo, defesa, educaçăo e saúde públicas e seguridade social;11.092,32;Sim;Sim;Sim;Sim;Sim;Năo;Sim;Sim;Sim;20/04/2020;209;0,817142857;21/03/2020;239;0,943181818;0,2443;0,3264;0,2347;0,2751;0,3012;0,2776;0,0308;0;-0,0252;1;0,0429;0;0.08695469798657718;0.15334724065996586;6.639254267338868;2.574249797;3.030903612;0.45665381500000013;0.16330264614737908;0.965760667857143;0.2090352504193217;1.2040584893256705;0.5621974470431655;0.21017795079885487;-4.151079136690647;AM;41005;1;0;True
Itacoatiara;AM;PEIXOTO;MAMOUD AMED FILHO;MÁRIO ABRAHIM;104.046;12;6 - 100001 até 500000;1 - Norte;MASCULINO;0;PT;3,925829032;2,893255684;1,032573348;52779;9564;62343;22284;18560;36;30;6;53.003;14267;67270;8113;19810;12;29;-17;-23;Demais serviços;22.140,55;Sim;Sim;Sim;Sim;Sim;Sim;Sim;Sim;Sim;27/04/2020;202;0,777142857;23/03/2020;237;0,920454545;0,3413;0,3172;0,413;0,4225;0,4175;0,4065;0,0812;0;0,1003;0;-0,0065;1;0.15340936432317984;0.21208562509290918;5.867626076972934;2.893255684;3.925829032;1.0325733480000001;0.30519514495803424;0.9567996288571429;0.20007421141932158;0.43243029895973706;1.1381169800431656;0.35207044960951006;-5.151079136690647;AM;104046;0;-23;True
Labrea;AM;GEAN BARROS;EVALDO GOMES;JOĂO ROBERTO;47.685;11;4 - 20001 até 50000;1 - Norte;MASCULINO;1;MDB;1,699995963;1,683259775;0,016736188;17075;6156;23231;11390;4498;49;19;30;19.481;5960;25441;13778;2600;54;10;44;14;Administraçăo, defesa, educaçăo e saúde públicas e seguridade social;11.856,93;Sim;Sim;Sim;Sim;Sim;Năo;Sim;Sim;Sim;15/05/2020;184;0,674285714;12/06/2020;156;0;0,2771;0,321;0,2661;0,3305;0,3388;0,2825;0,0534;0;0,0178;0;0,0164;0;0.26499074512504844;0.23426752093078101;-3.072322419426743;1.683259775;1.699995963;0.016736188000000096;0.00989362070889802;0.8106122448571428;0.05388682741932149;-8.50751819743994;0.12227982004316554;0.05676892536037382;18.848920863309353;AM;47685;1;14;True
Parintins;AM;BI GARCIA;MARCIA BARANDA;JUSCELINO MANSO;116.439;12;6 - 100001 até 500000;1 - Norte;MASCULINO;1;DEM;1,860876487;2,11146476;-0,250588272;50678;13368;64046;30970;12773;48;20;28;52.202;17381;69583;32778;16262;47;23;24;-5;Administraçăo, defesa, educaçăo e saúde públicas e seguridade social;11.448,73;Sim;Năo;Năo;Sim;Sim;Sim;Sim;Sim;Sim;13/04/2020;216;0,857142857;20/03/2020;240;0,954545455;0,3295;0,2867;0,3054;0,4102;0,3848;0,3085;0,0807;0;0,0981;0;0,0031;0;0.20872497892140024;0.24978802293663682;4.1063044015236585;2.11146476;1.860876487;-0.250588273;-0.1263342993941859;0.6873840445714287;-0.06934137286639264;-1.3288913764895387;-0.14504464095683453;-0.07945899474271009;16.848920863309353;AM;116439;1;-5;True
Sao gabriel da cachoeira;AM;CLOVIS  CURUBĂO;EDINHO GONÇALVES;CLAUDIO PONTES;47.031;11;4 - 20001 até 50000;1 - Norte;MASCULINO;1;PT;2,904980977;5,54780193;-2,642820953;20371;8385;28756;4649;2642;16;9;7;22.938;8247;31185;11197;6001;36;19;17;10;Administraçăo, defesa, educaçăo e saúde públicas e seguridade social;8.133,70;Sim;Sim;Sim;Sim;Sim;Năo;Sim;Năo;Sim;08/05/2020;191;0,714285714;20/04/2020;209;0,602272727;0,2259;0,213;0,2921;0,2686;0,2301;0,3284;0,0427;0;0,0171;0;0,0363;0;0.29159132007233274;0.26445406445406444;-2.7137255618268297;5.54780193;2.904980977;-2.642820953;-0.6469749587441691;0.7595083487142856;0.00278293127646434;-8.148921339840026;-2.537277320956835;-0.6000996540926933;-4.151079136690647;AM;47031;1;10;True
Laranjal do jari;AP;MÁRCIO SERRĂO;SERGINHO 14;AYRTON NOBRE;52.302;11;5 - 50001 até 100000;1 - Norte;MASCULINO;1;DEM;3,543519167;3,543519167;0;22408;5310;27718;6849;6091;25;22;3;20.668;7704;28372;13111;4000;46;14;32;29;Administraçăo, defesa, educaçăo e saúde públicas e seguridade social;20.142,52;Sim;Năo;Sim;Sim;Sim;Năo;Năo;Sim;Sim;27/04/2020;202;0,777142857;20/03/2020;240;0,954545455;0,268;0,2141;0,3085;0,3408;0,3385;0,3371;0,0728;0;0,1244;0;0,0286;0;0.19157226351107584;0.27153531650923446;7.9963052998158615;3.543519167;3.543519167;0.0;0.0;0.6759554731428572;-0.08076994429496409;2.5611095218026643;0.10554363204316544;0.046875304651475797;-8.151079136690647;AP;52302;1;29;True
Oiapoque;AP;MARIA ORLANDA;ARTUR DO AREAL;BRENO DO MIGUEL DO POSTO;28.534;10;4 - 20001 até 50000;1 - Norte;FEMININO;0;PSDB;5,053983122;3,27912866;1,774854462;12797;5464;18261;4834;3507;26;19;7;12.067;7480;19547;2959;2962;15;15;0;-7;Administraçăo, defesa, educaçăo e saúde públicas e seguridade social;17.494,76;Sim;Năo;Sim;Sim;Sim;Năo;Năo;Năo;Sim;20/04/2020;209;0,817142857;08/04/2020;221;0,738636364;0,2607;0,2696;0,2891;0,2814;0,2248;0,3609;0,0207;0;-0,0448;1;0,0718;0;0.2992169103554022;0.3826674169949353;8.345050663953307;3.27912866;5.053983122;1.774854462;0.4325989347622146;0.5079684601428571;-0.24875695729496416;2.90985488594011;1.8803980940431655;0.4794742394136904;-4.151079136690647;AP;28534;0;-7;True
Pedra branca do amapari;AP;BETH PELAES;IRMĂO WILSON;IRMĂO WILSON;17.625;10;3 - 10001 até 20000;1 - Norte;FEMININO;1;DEM;2,349719576;3,629464601;-1,279745025;6906;1410;8316;2159;2062;26;25;1;7.546;4192;11738;1992;2000;17;17;0;-1;Administraçăo, defesa, educaçăo e saúde públicas e seguridade social;27.493,88;Sim;Năo;Sim;Sim;Sim;Năo;Năo;Năo;Sim;23/04/2020;206;0,8;20/03/2020;240;0,954545455;0,302;0,1967;0,5188;0,4491;0,4096;0,5978;0,1471;0;0,2129;0;0,079;0;0.16955266955266957;0.3571306866587153;18.75780171060457;3.629464601;2.349719576;-1.279745025;-0.4347891528871049;0.5363636364285714;-0.22036178100924986;13.322605932591374;-1.1742013929568345;-0.38791384823562913;-10.151079136690647;AP;17625;1;-1;True
Porto grande;AP;BESSA;TONHO;ELIELSON MORAES;22.927;10;4 - 20001 até 50000;1 - Norte;MASCULINO;1;PDT;4,350743156;3,962016402;0,388726754;10984;2191;13175;3402;2600;26;20;6;10.240;3441;13681;3306;2662;24;19;5;-1;Administraçăo, defesa, educaçăo e saúde públicas e seguridade social;16.993,05;Sim;Sim;Sim;Sim;Sim;Sim;Năo;Sim;Sim;18/04/2020;211;0,828571429;20/03/2020;240;0,954545455;0,3132;0,1622;0,4617;0,3736;0,2681;0,4146;0,0604;0;0,1059;0;-0,0471;1;0.1662998102466793;0.25151670199546816;8.521689174878885;3.962016402;4.350743156;0.3887267539999999;0.09359358287263365;0.8261595548571429;0.06943413741932158;3.086493396865688;0.4942703860431653;0.14046888752410946;-5.151079136690647;AP;22927;1;-1;True
Tartarugalzinho;AP;RILDO OLIVEIRA;ALMIR REZENDE;BRUNO MINEIRO;18.217;10;3 - 10001 até 20000;1 - Norte;MASCULINO;0;MDB;2,559336655;2,542653109;0,016683546;7479;1035;8514;3984;1929;47;23;24;8.021;1706;9727;3176;3567;33;37;-4;-28;Administraçăo, defesa, educaçăo e saúde públicas e seguridade social;13.849,97;Năo;Năo;Năo;Sim;Sim;Năo;Năo;Năo;Sim;22/04/2020;207;0,805714286;29/04/2020;200;0,5;0,3271;0,4036;0,2934;0,3391;0,409;0,3062;0,012;0;0,0054;0;0,0128;0;0.12156448202959831;0.17538809499331756;5.382361296371925;2.542653109;2.559336655;0.016683545999999883;0.00654003878390608;0.3293877551428571;-0.42733766229496417;-0.05283448164127247;0.12222717804316532;0.05341534343538187;12.848920863309353;AP;18217;0;-28;True
Alagoinhas;BA;JOAQUIM NETO;SONIA FONTES;PAULO CEZAR;153.023;12;6 - 100001 até 500000;2 - Nordeste;MASCULINO;1;PSD;3,0876289;3,939936468;-0,852307568;85710;8467;94177;25684;18890;27;20;7;82.869;24066;106935;28268;27015;26;25;1;-6;Demais serviços;29.241,79;Năo;Năo;Năo;Sim;Sim;Sim;Sim;Năo;Sim;20/04/2020;209;0,817142857;23/03/2020;237;0,920454545;0,4193;0,4236;0,5644;0,4695;0,5236;0,6046;0,0502;0;0,1;0;0,0402;0;0.08990517854677894;0.22505260204797306;13.514742350119413;3.939936468;3.0876289;-0.8523075680000001;-0.2437611482362538;0.533942486;-0.22278293143782124;8.079546572106215;-0.7467639359568347;-0.196885843584778;-4.151079136690647;BA;153023;1;-6;True
Camacari;BA;ELINALDO;CAETANO;IVONEIDE CAETANO;309.208;13;6 - 100001 até 500000;2 - Nordeste;MASCULINO;1;DEM;2,231492674;1,98454389;0,246948784;135048;23072;158120;73994;44378;47;28;19;146.181;32945;179126;68927;52569;38;29;9;-10;Indústrias de transformaçăo;84.446,59;Sim;Sim;Năo;Sim;Sim;Sim;Sim;Sim;Sim;23/04/2020;206;0,8;20/03/2020;240;0,954545455;0,51;0,4928;0,7393;0,5416;0,5214;0,7357;0,0316;0;0,0286;0;-0,0036;1;0.1459144953200101;0.18392081551533557;3.800632019532546;1.98454389;2.231492674;0.24694878399999998;0.11728161268976088;0.8220779221428571;0.06535250470503584;-1.6345637584806512;0.3524924160431654;0.16415691734123666;7.848920863309353;BA;309208;1;-10;True
Juazeiro;BA;PAULO BOMFIM;JOSEPH BANDEIRA;SUZANA RAMOS;219.544;12;6 - 100001 até 500000;2 - Nordeste;MASCULINO;0;PT;2,457072328;2,864549601;-0,407477273;121937;24436;146373;46183;43734;32;30;2;123.223;23686;146909;33553;64229;23;44;-21;-23;Demais serviços;20.120,96;Sim;Sim;Sim;Sim;Sim;Sim;Sim;Sim;Sim;02/07/2020;136;0,4;23/03/2020;237;0,920454545;0,4763;0,5111;0,5772;0,5041;0,4797;0,5945;0,0278;0;-0,0314;1;0,0173;0;0.16694335703989124;0.16122906016649763;-0.5714296873393615;2.864549601;2.457072328;-0.4074772729999996;-0.15344059984728814;0.902922077857143;0.14619666041932167;-6.006625465352559;-0.30193364095683417;-0.10656529519581234;-9.151079136690647;BA;219544;0;-23;True
Lauro de freitas;BA;MOEMA GRAMACHO;MATEUS REIS;TEOBALDO;204.669;12;6 - 100001 até 500000;2 - Nordeste;FEMININO;1;PT;2,591229497;2,249427616;0,341801881;96770;21785;118555;43951;34101;37;29;8;111.003;34202;145205;50680;34216;35;24;11;3;Demais serviços;32.002,21;Sim;Sim;Sim;Sim;Sim;Sim;Sim;Sim;Sim;06/04/2020;223;0,897142857;19/03/2020;241;0,965909091;0,5917;0,5499;0,7825;0,6044;0,5896;0,7894;0,0127;0;0,0397;0;0,0069;0;0.1837543756062587;0.23554285320753418;5.178847760127548;2.249427616;2.591229497;0.34180188099999986;0.14145668137497736;0.9804359925714287;0.22371057513360737;-0.2563480178856494;0.4473455130431653;0.18833198602645315;-3.1510791366906474;BA;204669;1;3;True
Vitoria da conquista;BA;HERZEM GUSMĂO;ZÉ RAIMUNDO;ZÉ RAIMUNDO;343.643;13;6 - 100001 até 500000;2 - Nordeste;MASCULINO;1;MDB;2,278925844;2,917820263;-0,638894419;182772;47826;230598;78455;51989;34;23;11;187.550;43626;231176;78732;81721;34;35;-1;-13;Demais serviços;20.905,86;Năo;Năo;Năo;Sim;Năo;Năo;Sim;Sim;Sim;19/04/2020;210;0,822857143;22/03/2020;238;0,931818182;0,4498;0,4064;0,6526;0,5275;0,5625;0,6569;0,0777;0;0,1561;0;0,0043;0;0.20739989071891343;0.18871336124857252;-1.8686529470340911;2.917820263;2.278925844;-0.6388944189999997;-0.24713264134602406;0.6792393321428571;-0.07748608529496415;-7.303848725047288;-0.5333507869568342;-0.20025733669454826;-0.15107913669064743;BA;343643;1;-13;True
Aquiraz;CE;EDSON SÁ;GUIMARĂES;DR BRUNO GONÇALVES;81.581;11;5 - 50001 até 100000;2 - Nordeste;MASCULINO;0;PDT;1,988053182;2,094032464;-0,105979281;47311;4174;51485;26348;14109;51;27;24;50.652;7165;57817;21884;25562;38;44;-6;-30;Demais serviços;42.147,15;Năo;Sim;Sim;Sim;Sim;Năo;Sim;Sim;Sim;05/05/2020;194;0,731428571;19/03/2020;241;0,965909091;0,5493;0,5048;0,6606;0,6122;0,5604;0,6642;0,0629;0;0,0556;0;0,0036;0;0.08107215693891424;0.12392548904301504;4.285333210410079;2.094032464;1.988053182;-0.10597928200000006;-0.0519357562854326;0.9567625231428573;0.20003710570503597;-1.149862567603118;-0.0004356499568346217;-0.005060451633956804;12.848920863309353;CE;81581;0;-30;True
Caucaia;CE;NAUMI AMORIM;EDUARDO PESSOA;VITOR VALIM;368.918;13;6 - 100001 até 500000;2 - Nordeste;MASCULINO;0;PSD;3,464591071;2,85374399;0,61084708;180332;32841;213173;73316;48450;34;23;12;189.148;32980;222128;69262;47171;31;21;10;-2;Demais serviços;19.873,31;Sim;Sim;Sim;Sim;Sim;Sim;Sim;Sim;Sim;31/05/2020;168;0,582857143;20/03/2020;240;0,954545455;0,4558;0,3922;0,5058;0,5389;0,5039;0,5081;0,0831;0;0,1117;0;0,0023;0;0.15405797169435154;0.1484729525318735;-0.5585019162478028;2.85374399;3.464591071;0.6108470810000002;0.19396279579111764;0.9339146568571428;0.17718923941932152;-5.993697694261;0.7163907130431656;0.24083810044259343;0.8489208633093526;CE;368918;0;-2;True
Itapipoca;CE;JOĂO BARROSO;DR, DAGMAURO;FELIPE PINHEIRO;131.687;12;6 - 100001 até 500000;2 - Nordeste;MASCULINO;0;PSDB;2,776309144;2,662797251;0,113511893;75335;3977;79312;33158;27526;42;35;7;76.347;11554;87901;27415;31760;31;36;-5;-12;Administraçăo, defesa, educaçăo e saúde públicas e seguridade social;12.210,38;Sim;Sim;Sim;Sim;Năo;Năo;Sim;Sim;Sim;05/05/2020;194;0,731428571;19/03/2020;241;0,965909091;0,5047;0,5316;0,4416;0,5208;0,5124;0,4155;0,0161;0;-0,0192;1;-0,0261;1;0.05014373613072423;0.13144332828978056;8.129959215905632;2.662797251;2.776309144;0.11351189299999964;0.04174523118459959;0.9567625231428573;0.20003710570503597;2.694763437892435;0.21905552504316508;0.08862053583607539;-4.151079136690647;CE;131687;0;-12;True
Juazeiro do norte;CE;ARNON BEZERRA;GILMAR BENDER;GLĘDSON BEZERRA;278.264;13;6 - 100001 até 500000;2 - Nordeste;MASCULINO;0;PTB;3,003987253;3,170565649;-0,166578396;143179;17003;160182;55538;44321;35;28;7;143.931;30673;174604;48079;50715;28;29;-2;-9;Demais serviços;17.354,57;Sim;Sim;Sim;Sim;Năo;Năo;Sim;Sim;Sim;05/05/2020;194;0,731428571;19/03/2020;241;0,965909091;0,5225;0,4998;0,6037;0,5782;0,5621;0,5903;0,0557;0;0,0623;0;-0,0134;1;0.10614800664244423;0.17567180591509932;6.952379927265509;3.170565649;3.003987253;-0.1665783959999998;-0.05396951959066454;0.9567625231428573;0.20003710570503597;1.5171841492523122;-0.061034763956834354;-0.007094214939188742;-4.151079136690647;CE;278264;0;-9;True
Sobral;CE;IVO GOMES;MOSES RODRIGUES;OSCAR RODRIGUES;212.437;12;6 - 100001 até 500000;2 - Nordeste;MASCULINO;1;PDT;1,934147984;2,313639695;-0,379491712;120638;10757;131395;57908;45209;44;34;10;121.470;20621;142091;66519;45795;47;32;15;5;Demais serviços;21.343,10;Sim;Sim;Sim;Sim;Năo;Sim;Sim;Sim;Sim;30/04/2020;199;0,76;19/03/2020;241;0,965909091;0,6863;0,6995;0,6702;0,7452;0,7218;0,6929;0,0589;0;0,0223;0;0,0227;0;0.08186765097606453;0.1451253070215566;6.325765604549207;2.313639695;1.934147984;-0.379491711;-0.1791549989123433;0.9608441558571429;0.2041187384193216;0.8905698265360096;-0.2739480789568346;-0.1322796942608675;-1.1510791366906474;CE;212437;1;5;True
Cachoeiro de itapemirim;ES;VICTOR COELHO;JATHIR MOREIRA;DIEGO LIBARDI;212.172;12;6 - 100001 até 500000;3 - Sudeste;MASCULINO;1;PSB;2,986582709;2,408105831;0,578476878;109824;27114;136938;59377;24594;43;18;25;105.624;34814;140438;51926;17299;37;12;25;-1;Demais serviços;25.235,59;Năo;Sim;Sim;Sim;Sim;Năo;Sim;Sim;Sim;20/04/2020;209;0,817142857;20/03/2020;240;0,954545455;0,632;0,5943;0,7459;0,7018;0,6833;0,7489;0,0698;0;0,089;0;0,003;0;0.19800201551066907;0.247895868639542;4.9893853128872925;2.408105831;2.986582709;0.578476878;0.2152893508660767;0.9673840445714286;0.21065862713360728;-0.4458104651259047;0.6840205100431654;0.2621646555175525;13.848920863309353;ES;212172;1;-1;True
Castelo;ES;PIASSI;DOMINGOS FRACAROLI;JOAO PAULO NALI;37.956;11;4 - 20001 até 50000;3 - Sudeste;MASCULINO;0;MDB;4,060716371;4,622936891;-0,56222052;23380;4775;28155;10564;7795;38;28;10;21.969;6898;28867;2029;6690;7;23;-16;-26;Demais serviços;29.086,42;Năo;Năo;Sim;Sim;Sim;Sim;Sim;Năo;Sim;04/05/2020;195;0,737142857;21/03/2020;239;0,943181818;0,5945;0,541;0,6697;0,6792;0,6612;0,7367;0,0847;0;0,1202;0;0,067;0;0.1695968744450364;0.23895797970000346;6.936110525496705;4.622936891;4.060716371;-0.5622205200000003;-0.1296707897125676;0.6686178107142858;-0.08810760672353546;1.5009147474835078;-0.4566768879568349;-0.0827954850610918;-1.1510791366906474;ES;37956;0;-26;True
Guarapari;ES;EDSON MAGALHĂES;CARLOS VON;CARLOS VON;128.504;12;6 - 100001 até 500000;3 - Sudeste;MASCULINO;1;PSDB;3,656135049;2,477225745;1,178909304;69888;18362;88250;27926;27772;32;31;0;68.436;24175;92611;23068;20453;25;22;3;3;Demais serviços;18.272,89;Sim;Năo;Sim;Sim;Sim;Sim;Sim;Sim;Sim;17/04/2020;212;0,834285714;18/03/2020;242;0,977272727;0,5499;0,5524;0,6513;0,605;0,5478;0,6563;0,0551;0;-0,0046;1;0,005;0;0.20806798866855525;0.26103810562460183;5.297011695604659;2.477225745;3.656135049;1.1789093039999998;0.38926730910411406;0.8302226344285714;0.07349721699075007;-0.13818408240853852;1.2844529360431653;0.4361426137555898;-11.151079136690647;ES;128504;1;3;True
Linhares;ES;GUERINO ZANON;ELIANA;LUCAS SCARAMUSSA;179.755;12;6 - 100001 até 500000;3 - Sudeste;MASCULINO;1;MDB;2,54768768;1,76009909;0,78758859;88885;21264;110149;59147;11562;54;10;43;84.316;29836;114152;41581;22162;36;19;17;-26;Demais serviços;37.766,15;Năo;Năo;Sim;Sim;Năo;Năo;Sim;Sim;Sim;21/04/2020;208;0,811428571;18/03/2020;242;0,977272727;0,6356;0,5824;0,8128;0,7101;0,6434;0,8459;0,0745;0;0,061;0;0,0331;0;0.19304759916113629;0.2613708038404934;6.83232046793571;1.76009909;2.54768768;0.7875885900000001;0.36981604702717724;0.8269573282857143;0.07023191084789304;1.3971246899225127;0.8931322220431656;0.416691351678653;31.848920863309353;ES;179755;1;-26;True
Vila velha;ES;MAX FILHO;NEUCIMAR FRAGA;ARNALDINHO BORGO;508.655;13;7 - Maior que 500000;3 - Sudeste;MASCULINO;0;PSDB;4,157709605;3,581891483;0,575818121;251572;65056;316628;80297;65745;25;21;5;235.849;79375;315224;46523;73122;15;23;-8;-13;Demais serviços;25.115,27;Sim;Năo;Sim;Sim;Sim;Năo;Sim;Sim;Sim;31/05/2020;168;0,582857143;21/03/2020;239;0,943181818;0,6062;0,601;0,7466;0,6493;0,6579;0,7448;0,0431;0;0,0569;0;-0,0018;1;0.20546508836868502;0.25180506560414184;4.633997723545683;3.581891483;4.157709605;0.5758181219999998;0.14907333883647922;0.7894341372857143;0.03270871984789303;-0.8011980544675144;0.6813617540431652;0.19594864348795502;-6.151079136690647;ES;508655;0;-13;True
Aparecida de goiania;GO;GUSTAVO MENDANHA;MARLÚCIO PEREIRA;BRUNO FELIPE;601.844;13;7 - Maior que 500000;5 - Centro-Oeste;MASCULINO;1;MDB;1,024250703;2,272033237;-1,247782534;233088;47760;280848;122122;42966;43;15;28;229.049;79700;308749;197491;6235;64;2;62;34;Demais serviços;25.173,46;Năo;Sim;Sim;Sim;Năo;Năo;Sim;Sim;Sim;20/07/2020;118;0,297142857;03/04/2020;226;0,795454545;0,5641;0,5782;0,7395;0,622;0,5999;0,771;0,0579;0;0,0217;0;0,0315;0;0.17005640061527943;0.25813848789793653;8.80820872826571;2.272033237;1.024250703;-1.247782534;-0.7967138059126923;0.8703710574285715;0.11364563999075017;3.3730129502525124;-1.1422389019568344;-0.7498385012612164;16.848920863309353;GO;601844;1;34;True
Catalao;GO;ADIB ELIAS;JARDEL SEBBA;ELDER GALDINO;113.091;12;6 - 100001 até 500000;5 - Centro-Oeste;MASCULINO;1;PODE;2,358923461;1,885930003;0,472993459;58930;6412;65342;37561;14631;57;22;35;54.578;16482;71060;28984;14356;41;20;21;-15;Indústrias de transformaçăo;65.498,10;Năo;Sim;Năo;Sim;Sim;Sim;Sim;Sim;Sim;19/04/2020;210;0,822857143;17/03/2020;243;0,988636364;0,6321;0,6005;0,7477;0,679;0,6861;0,7776;0,0469;0;0,0856;0;0,0299;0;0.0981298399191944;0.2319448353504081;13.381499543121372;1.885930003;2.358923461;0.4729934579999999;0.22378428484675933;0.8302133581428571;0.07348794070503584;7.9463037651081745;0.5785370900431653;0.2706595894982351;23.848920863309353;GO;113091;1;-15;True
Itumbiara;GO;ZÉ ANTÔNIO;ALVARO GUIMARĂES;DIONE DA FAMÓVEIS;106.845;12;6 - 100001 até 500000;5 - Centro-Oeste;MASCULINO;0;REPUBLICANOS;3,759861963;1,903698126;1,856163837;59436;7686;67122;36143;14050;54;21;33;54.084;18120;72204;8054;16640;11;23;-12;-45;Demais serviços;45.096,18;Sim;Sim;Sim;Sim;Sim;Sim;Sim;Sim;Sim;19/04/2020;210;0,822857143;20/03/2020;240;0,954545455;0,6642;0,4923;0,8461;0,7102;0,567;0,8453;0,046;0;0,0747;0;-0,0008;1;0.11450791096808796;0.25095562572710656;13.644771475901859;1.903698126;3.759861963;1.856163837;0.6805838682294981;0.9682003711428572;0.21147495370503588;8.209575697888662;1.9617074690431655;0.727459172880974;21.848920863309353;GO;106845;0;-45;True
Rio verde;GO;PAULO DO VALE;HEULER;DR OSVALDO;247.259;12;6 - 100001 até 500000;5 - Centro-Oeste;MASCULINO;1;DEM;2,277057229;2,75376937;-0,476712141;105806;11772;117578;47963;26988;41;23;18;96.573;36236;132809;45580;37402;34;28;6;-12;Demais serviços;49.156,63;Sim;Sim;Sim;Sim;Sim;Sim;Sim;Sim;Sim;04/06/2020;164;0,56;06/04/2020;223;0,761363636;0,6225;0,4681;0,8571;0,6758;0,5503;0,8925;0,0533;0;0,0822;0;0,0354;0;0.10012077089251391;0.27284295492022376;17.272218402770985;2.75376937;2.277057229;-0.47671214100000014;-0.1900867328793976;0.9030519480000001;0.1463265305621788;11.837022624757788;-0.37116850895683473;-0.1432114282279218;6.848920863309353;GO;247259;1;-12;True
Senador canedo;GO;DIVINO LEMES;ZELIO CANDIDO;FERNANDO PELLOZO;121.447;12;6 - 100001 até 500000;5 - Centro-Oeste;MASCULINO;0;PODE;2,029659384;3,627025354;-1,597365969;56819;8792;65611;11160;9657;17;15;2;62.814;14178;76992;17279;36807;22;48;-25;-28;Indústrias de transformaçăo;32.428,11;Sim;Sim;Sim;Sim;Sim;Sim;Sim;Sim;Năo;19/04/2020;210;0,822857143;21/03/2020;239;0,943181818;0,4845;0,443;0,5955;0,5426;0,5275;0,6076;0,0581;0;0,0845;0;0,0121;0;0.1340019204096874;0.1841490024937656;5.01470820840782;3.627025354;2.029659384;-1.5973659700000002;-0.5805448627843007;0.9665769944285715;0.2098515769907502;-0.4204875696053776;-1.4918223379568347;-0.5336695581328249;-9.151079136690647;GO;121447;0;-28;True
Balsas;MA;DR, ERIK;CHICO COELHO;ZÉ GABRIEL;96.951;11;5 - 50001 até 100000;2 - Nordeste;MASCULINO;1;PDT;1,368280698;2,239843369;-0,871562671;48031;4830;52861;23751;17233;45;33;12;47.017;12186;59203;37475;7152;63;12;51;39;Agricultura, inclusive apoio ŕ agricultura e a pós colheita;49.786,61;Sim;Sim;Sim;Sim;Sim;Sim;Sim;Sim;Sim;05/05/2020;194;0,731428571;21/03/2020;239;0,943181818;0,3826;0,2213;0,6267;0,5222;0,4823;0,6844;0,1396;0;0,261;0;0,0577;0;0.09137171071300203;0.20583416380926642;11.44624530962644;2.239843369;1.368280698;-0.871562671;-0.4928509521199924;0.9535157698571429;0.19679035241932163;6.011049531613242;-0.7660190389568345;-0.4459756474685166;0.8489208633093526;MA;96951;1;39;True
Caxias;MA;FABIO GENTIL;LEO COUTINHO;ADELMO SOARES;166.159;12;6 - 100001 até 500000;2 - Nordeste;MASCULINO;1;REPUBLICANOS;1,481871429;1,999506279;-0,517634851;83469;6859;90328;39171;37959;43;42;1;84.362;16638;101000;62075;10334;61;10;51;50;Administraçăo, defesa, educaçăo e saúde públicas e seguridade social;11.564,24;Sim;Sim;Năo;Sim;Năo;Sim;Sim;Sim;Sim;30/04/2020;199;0,76;22/03/2020;238;0,931818182;0,3809;0,3574;0,406;0,4444;0,4835;0,3896;0,0635;0;0,1261;0;-0,0164;1;0.07593437250907803;0.16473267326732674;8.879830075824872;1.999506279;1.481871429;-0.5176348500000001;-0.29959452153514815;0.8131168831428571;0.05639146570503584;3.4446342978116746;-0.4120912179568347;-0.2527192168836724;-10.151079136690647;MA;166159;1;50;True
Coroata;MA;LUIS DA AMOVELAR FILHO;TERESA MURAD;EDIMAR FRANCO;65.788;11;5 - 50001 até 100000;2 - Nordeste;MASCULINO;1;PT;2,863919066;2,009126249;0,854792817;34191;3585;37776;16624;14718;44;39;5;34.109;8195;42304;13952;10572;33;25;8;3;Administraçăo, defesa, educaçăo e saúde públicas e seguridade social;7.318;Sim;Năo;Sim;Sim;Năo;Năo;Sim;Sim;Sim;04/05/2020;195;0,737142857;14/04/2020;215;0,670454545;0,3775;0,45;0,312;0,4632;0,4935;0,3366;0,0857;0;0,0435;0;0,0246;0;0.0949015247776366;0.19371690620272314;9.881538142508655;2.009126249;2.863919066;0.8547928169999999;0.3544910640502572;0.7725139145714286;0.015788497133607304;4.446342364495457;0.9603364490431653;0.40136636870173303;-6.151079136690647;MA;65788;1;3;True
Grajau;MA;MERCIAL ARRUDA;SIMONE LIMEIRA;MARINALDO DO GESSO;70.692;11;5 - 50001 até 100000;2 - Nordeste;MASCULINO;1;MDB;2,339617437;2,084021811;0,255595626;38416;8893;47309;20352;14785;43;31;12;36.081;6685;42766;17289;14177;40;33;7;-4;Administraçăo, defesa, educaçăo e saúde públicas e seguridade social;11.911,80;Sim;Năo;Sim;Sim;Sim;Năo;Sim;Năo;Sim;20/04/2020;209;0,817142857;21/03/2020;239;0,943181818;0,249;0,1182;0,4609;0,372;0,3004;0,4927;0,123;0;0,1822;0;0,0318;0;0.18797691771121774;0.15631576485993545;-3.166115285128229;2.084021811;2.339617437;0.25559562599999985;0.11568783777512107;0.6800463821428571;-0.07667903529496423;-8.601311063141427;0.36113925804316527;0.16256314242659686;0.8489208633093526;MA;70692;1;-4;True
Tutoia;MA;ROMILDO DO HOSPITAL;ALEXANDRE BAQUIL;DIRINGA;59.927;11;5 - 50001 até 100000;2 - Nordeste;MASCULINO;0;PSDB;3,213864757;2,61001262;0,603852138;29809;9887;39696;14573;7353;37;19;18;29.665;5389;35054;6504;13258;19;38;-19;-37;Administraçăo, defesa, educaçăo e saúde públicas e seguridade social;7.306,30;Sim;Năo;Sim;Sim;Sim;Sim;Sim;Sim;Sim;20/04/2020;209;0,817142857;21/03/2020;239;0,943181818;0,2457;0,184;0,3247;0,3431;0,2878;0,3372;0,0974;0;0,1038;0;0,0125;0;0.24906791616283758;0.15373423860329777;-9.53336775595398;2.61001262;3.213864757;0.6038521370000001;0.20811913051762032;0.8229035250000001;0.06617810756217879;-14.968563533967178;0.7093957690431655;0.25499443516909615;6.848920863309353;MA;59927;0;-37;True
Belo horizonte;MG;KALIL;JOĂO LEITE;BRUNO ENGLER;2.530.701;15;7 - Maior que 500000;3 - Sudeste;MASCULINO;1;PSD;2,331870818;4,849016622;-2,517145804;1509919;417537;1927456;314845;395952;16;21;-4;1.392.551;550633;1943184;784307;123215;40;6;34;38;Demais serviços;38.670,40;Sim;Năo;Sim;Sim;Năo;Năo;Sim;Sim;Sim;16/04/2020;213;0,84;18/03/2020;242;0,977272727;0,7509;0,744;0,8552;0,781;0,7702;0,8631;0,0301;0;0,0262;0;0,0079;0;0.21662595670147594;0.2833663718927286;6.674041519125268;4.849016622;2.331870818;-2.5171458039999997;-0.7321050544555393;0.831038961;0.07431354356217867;1.2388457411120708;-2.4116021719568344;-0.6852297498040635;-15.151079136690647;MG;2530701;1;38;True
Betim;MG;VITTORIO MEDIOLI;IVAIR NOGUEIRA;MARIA DO CARMO;450.024;13;6 - 100001 até 500000;3 - Sudeste;MASCULINO;1;PSD;1,65010065;2,400273522;-0,750172872;236007;42226;278233;119750;30001;43;11;32;229.695;44807;274502;153144;28906;56;11;45;13;Indústrias de transformaçăo;58.871,28;Sim;Sim;Năo;Sim;Năo;Năo;Sim;Sim;Sim;20/03/2020;240;0,994285714;15/04/2020;214;0,659090909;0,651;0,6221;0,7591;0,7006;0,7332;0,7842;0,0496;0;0,1111;0;0,0251;0;0.15176488770203392;0.16323014039970565;1.1465252697671735;2.400273522;1.65010065;-0.750172872;-0.37474641230803285;0.8076252318571429;0.050899814419321565;-4.288670508246024;-0.6446292399568346;-0.327871107656557;20.848920863309353;MG;450024;1;13;True
Montes claros;MG;HUMBERTO SOUTO;LENINHA;RUY MUNIZ;417.478;13;6 - 100001 até 500000;3 - Sudeste;MASCULINO;1;CIDADANIA;1,361003229;2,488463608;-1,127460379;216973;45523;262496;76595;48834;29;19;11;220.486;58788;279274;177592;15184;64;5;58;48;Demais serviços;23.426,26;Năo;Năo;Sim;Sim;Năo;Sim;Sim;Sim;Sim;20/03/2020;240;0,994285714;22/04/2020;207;0,579545455;0,6622;0,6487;0,7026;0,6777;0,7114;0,7404;0,0155;0;0,0627;0;0,0378;0;0.17342359502620994;0.21050294692667415;3.7079351900464212;2.488463608;1.361003229;-1.127460379;-0.6034433989520934;0.7962615955714286;0.039536178133607325;-1.727260587966776;-1.0219167469568344;-0.5565680943006176;-0.15107913669064743;MG;417478;1;48;True
Ribeirao das neves;MG;JUNYNHO MARTINS;ANTONIO CARLOS CANTOR;DELEI;341.415;13;6 - 100001 até 500000;3 - Sudeste;MASCULINO;1;DEM;2,688986502;2,461521749;0,227464753;160709;35424;196133;68656;39167;35;20;15;165.873;48972;214845;72679;35398;34;16;17;2;Administraçăo, defesa, educaçăo e saúde públicas e seguridade social;13.099,23;Năo;Sim;Sim;Sim;Sim;Sim;Sim;Sim;Sim;15/04/2020;214;0,845714286;23/03/2020;237;0,920454545;0,4821;0,4961;0,4867;0,5081;0,5078;0,4883;0,026;0;0,0117;0;0,0016;0;0.18061213564265066;0.22794107379738882;4.732893815473815;2.461521749;2.688986502;0.22746475300000002;0.0883846017178083;0.9665955472857143;0.209870129847893;-0.7023019625393818;0.33300838504316543;0.1352599063692841;3.8489208633093526;MG;341415;1;2;True
Uberlandia;MG;ODELMO LEĂO;ALEXANDRE ANDRADE;ADRIANO ZAGO;706.597;13;7 - Maior que 500000;3 - Sudeste;MASCULINO;1;PP;1,91217319;1,79384549;0,1183277;385705;92545;478250;250390;57807;52;12;40;360.437;126113;486550;228390;39584;47;8;39;-1;Demais serviços;53.828,78;Sim;Năo;Sim;Sim;Sim;Sim;Sim;Sim;Sim;18/04/2020;211;0,828571429;20/03/2020;240;0,954545455;0,7515;0,7419;0,8991;0,7853;0,8119;0,9102;0,0338;0;0,07;0;0,0111;0;0.19350757971772087;0.25919843798170794;6.569085826398707;1.79384549;1.91217319;0.11832770000000004;0.063878757118897;0.8261595548571429;0.06943413741932158;1.1338900483855099;0.22387133204316548;0.1107540617703728;28.848920863309353;MG;706597;1;-1;True
Amambai;MS;DR BANDEIRA;GILMAR VICENTIN;ZÉ BAMBIL;40.247;11;4 - 20001 até 50000;5 - Centro-Oeste;MASCULINO;1;PSDB;1,902500104;3,351483298;-1,448983195;19092;5453;24545;7221;5203;29;21;8;19.144;6751;25895;11157;7038;43;27;16;8;Administraçăo, defesa, educaçăo e saúde públicas e seguridade social;32.016,94;Năo;Năo;Sim;Sim;Sim;Sim;Sim;Năo;Sim;11/05/2020;188;0,697142857;21/03/2020;239;0,943181818;0,3932;0,1634;0,6198;0,5291;0,3581;0,6399;0,1359;0;0,1947;0;0,0201;0;0.22216337339580364;0.26070670013516123;3.854332673935759;3.351483298;1.902500104;-1.4489831940000002;-0.5662341579445904;0.662903525;-0.09382189243782124;-1.5808631040774381;-1.3434395619568347;-0.5193588532931146;-3.1510791366906474;MS;40247;1;8;True
Aquidauana;MS;ODILON RIBEIRO;PINHEIRO;DRA    VIVIANE ORRO;48.184;11;4 - 20001 até 50000;5 - Centro-Oeste;MASCULINO;1;PSDB;1,712717172;2,030162298;-0,317445126;26084;8352;34436;15061;7594;44;22;22;25.736;9287;35023;17939;5036;51;14;37;15;Administraçăo, defesa, educaçăo e saúde públicas e seguridade social;21.548,90;Năo;Năo;Sim;Sim;Sim;Sim;Năo;Sim;Sim;15/05/2020;184;0,674285714;28/03/2020;232;0,863636364;0,4844;0,481;0,6211;0,5508;0,5346;0,6221;0,0664;0;0,0536;0;0,001;0;0.2425368800092926;0.26516860348913573;2.263172347984313;2.030162298;1.712717172;-0.31744512599999997;-0.17003464073135213;0.6482745825714284;-0.10845083486639284;-3.1720234300288843;-0.21190149395683452;-0.12315933607987634;10.848920863309353;MS;48184;1;15;True
Navirai;MS;DR IZAURI;LÉO MATOS;RHAIZA MATOS;56.484;11;5 - 50001 até 100000;5 - Centro-Oeste;MASCULINO;0;DEM;3,585246779;1,57009977;2,015147009;27986;8038;36024;19120;5984;53;17;36;26.309;9858;36167;7493;8873;21;25;-4;-40;Demais serviços;45.633,80;Sim;Năo;Sim;Sim;Sim;Sim;Sim;Sim;Sim;27/04/2020;202;0,777142857;23/03/2020;237;0,920454545;0,6595;0,5876;0,8005;0,6906;0,6321;0,7613;0,0311;0;0,0445;0;-0,0392;1;0.2231290250943815;0.2725689164155169;4.943989132113538;1.57009977;3.585246779;2.0151470090000005;0.8256881431117582;0.8139424860000001;0.057217068562178786;-0.4912066458996591;2.120690641043166;0.872563447763234;24.848920863309353;MS;56484;0;-40;True
Nova andradina;MS;GILBERTO GARCIA;ROBERTO HASHIOKA;ROBERTO HASHIOKA;56.057;11;5 - 50001 até 100000;5 - Centro-Oeste;MASCULINO;1;PL;2,561241663;2,741537027;-0,180295363;25620;7824;33444;10172;10145;30;30;0;24.419;8947;33366;11139;9240;33;28;6;6;Demais serviços;45.159,29;Sim;Sim;Sim;Sim;Sim;Sim;Sim;Sim;Sim;02/07/2020;136;0,4;24/03/2020;236;0,909090909;0,6461;0,4947;0,7766;0,7391;0,6366;0,8246;0,093;0;0,1419;0;0,048;0;0.2339433082167205;0.26814721572858596;3.420390751186547;2.741537027;2.561241663;-0.180295364;-0.06802655636612306;0.9012987012857143;0.14457328384789303;-2.01480502682665;-0.07475173195683457;-0.021151251714647268;-11.151079136690647;MS;56057;1;6;True
Tres lagoas;MS;ANGELO GUERREIRO;JORGE MARTINHO;FABRÍCIO VENTUROLI;125.137;12;6 - 100001 até 500000;5 - Centro-Oeste;MASCULINO;1;PSDB;2,159566969;2,112937758;0,046629211;58136;17707;75843;30033;17675;40;23;16;57.810;26163;83973;33331;11606;40;14;26;10;Indústrias de transformaçăo;94.305,67;Sim;Năo;Sim;Sim;Sim;Sim;Sim;Sim;Sim;11/05/2020;188;0,697142857;21/03/2020;237;0,920454545;0,6555;0,6203;0,833;0,7307;0,6995;0,8553;0,0752;0;0,0792;0;0,0223;0;0.23346914019751328;0.3115644314243864;7.809529122687311;2.112937758;2.159566969;0.04662921099999995;0.021828442779572844;0.8025139145714286;0.04578849713360733;2.374333344674114;0.1521728430431654;0.06870374743104864;4.848920863309353;MS;125137;1;10;True
Campo novo do parecis;MT;RAFAEL MACHADO;CLOVIS DE PAULA;PIM;36.917;11;4 - 20001 até 50000;5 - Centro-Oeste;MASCULINO;1;PSL;2,999212616;2,790554462;0,208658154;15815;5003;20818;6337;5356;30;26;5;17.743;7066;24809;6395;5902;26;24;2;-3;Agricultura, inclusive apoio ŕ agricultura e a pós colheita;127.547,83;Năo;Năo;Sim;Sim;Sim;Sim;Sim;Sim;Sim;22/04/2020;207;0,805714286;23/03/2020;237;0,920454545;0,6194;0,4922;0,8859;0,6609;0,5176;0,8858;0,0415;0;0,0254;0;-1E-04;1;0.24032087616485734;0.2848159941956548;4.449511803079745;2.790554462;2.999212616;0.2086581540000001;0.0721094848974251;0.8180241187142857;0.06129870127646442;-0.9856839749334521;0.3142017860431655;0.11898478954890089;-6.151079136690647;MT;36917;1;-3;True
Cuiaba;MT;EMANUEL PINHEIRO;WILSON SANTOS;ABILIO;623.614;13;7 - Maior que 500000;5 - Centro-Oeste;MASCULINO;1;MDB;3,908919125;3,748298818;0,160620307;332438;82660;415098;98051;81531;24;20;4;294.861;83236;378097;82367;90631;22;24;-2;-6;Demais serviços;42.918,31;Sim;Năo;Sim;Sim;Năo;Sim;Sim;Sim;Sim;16/04/2020;213;0,84;20/03/2020;240;0,954545455;0,6975;0,691;0,8765;0,7113;0,6898;0,8726;0,0138;0;-0,0012;1;-0,0039;1;0.19913369854829463;0.2201445660769591;2.101086752866446;3.748298818;3.908919125;0.1606203070000003;0.04195880864279064;0.8277922078571428;0.07106679041932151;-3.334109025146751;0.2661639390431657;0.08883411329426644;-7.151079136690647;MT;623614;1;-6;True
Juina;MT;ALTIR PERUZZO;DR, EMÍLIO POPULO;PAULO VERONESE;41.190;11;4 - 20001 até 50000;5 - Centro-Oeste;MASCULINO;0;PT;2,08227444;2,088030762;-0,005756322;23630;7660;31290;12187;9088;39;29;10;22.111;9767;31878;8004;12057;25;38;-13;-23;Demais serviços;28.732,52;Sim;Năo;Sim;Sim;Sim;Sim;Sim;Sim;Sim;22/04/2020;207;0,805714286;04/04/2020;225;0,784090909;0,61;0,4934;0,7706;0,6847;0,6024;0,7966;0,0747;0;0,109;0;0,026;0;0.24480664749121125;0.3063868498651107;6.158020237389946;2.088030762;2.08227444;-0.005756321999999869;-0.0027606256026579167;0.7985435992857142;0.04181818184789288;0.7228244593767492;0.09978731004316557;0.04411467904881788;-1.1510791366906474;MT;41190;0;-23;True
Pontes e lacerda;MT;ALCINO BARCELOS;ROMES;INSPETOR ANTONIO;46.105;11;4 - 20001 até 50000;5 - Centro-Oeste;MASCULINO;1;REPUBLICANOS;1,450370127;2,142587833;-0,692217706;22370;5250;27620;11817;7861;43;28;14;21.990;8448;30438;16761;3988;55;13;42;28;Demais serviços;43.762,66;Sim;Năo;Sim;Sim;Sim;Sim;Sim;Năo;Sim;22/04/2020;207;0,805714286;20/03/2020;240;0,954545455;0,5845;0,4999;0,7814;0,6075;0,4496;0,8373;0,023;0;-0,0503;1;0,0559;0;0.19007965242577843;0.2775478020894934;8.746814966371499;2.142587833;1.450370127;-0.6922177059999999;-0.39019558235623797;0.6800371058571428;-0.07668831158067846;3.3116191883583017;-0.5866740739568345;-0.34332027770476214;2.8489208633093526;MT;46105;1;28;True
Sorriso;MT;ARI LAFIN;DILCEU ROSSATO;XUXU DAL MOLIN;94.941;11;5 - 50001 até 100000;5 - Centro-Oeste;MASCULINO;1;PSDB;1,621821871;2,009286557;-0,387464686;41435;11125;52560;21008;17551;40;33;7;43.665;17313;60978;30179;10524;49;17;32;26;Agricultura, inclusive apoio ŕ agricultura e a pós colheita;98.278,56;Năo;Sim;Năo;Sim;Sim;Sim;Sim;Sim;Sim;22/04/2020;207;0,805714286;23/03/2020;237;0,920454545;0,6513;0,563;0,911;0,7207;0,6209;0,9422;0,0694;0;0,0579;0;0,0312;0;0.2116628614916286;0.283922070254846;7.22592087632174;2.009286557;1.621821871;-0.3874646859999997;-0.21422958322566488;0.8180241187142857;0.06129870127646442;1.7907250983085428;-0.2819210539568343;-0.16735427857418908;-4.151079136690647;MT;94941;1;26;True
Abaetetuba;PA;CHITA;ELTON MAUÉS;FRANCINETI CARVALHO;160.439;12;6 - 100001 até 500000;1 - Norte;MASCULINO;0;MDB;4,676251317;4,584662699;0,091588618;88935;15730;104665;25735;20366;25;19;5;95.032;18629;113661;20615;26153;18;23;-5;-10;Administraçăo, defesa, educaçăo e saúde públicas e seguridade social;10.413,48;Sim;Năo;Năo;Sim;Sim;Năo;Năo;Sim;Sim;21/04/2020;208;0,811428571;16/03/2020;244;1;0,3181;0,3049;0,3421;0,3888;0,3381;0,3518;0,0707;0;0,0332;0;0,0097;0;0.15028901734104047;0.16389966655229146;1.3610649211250991;4.584662699;4.676251317;0.09158861800000029;0.01978025150791374;0.5444897958571429;-0.21223562158067844;-4.0741308568880985;0.19713225004316573;0.06665555615938953;-6.151079136690647;PA;160439;0;-10;True
Braganca;PA;RAIMUNDĂO;EDSON OLIVEIRA;RENATO OLIVEIRA;130.122;12;6 - 100001 até 500000;1 - Norte;MASCULINO;1;PSDB;2,43891794;3,080331286;-0,641413346;67161;8306;75467;27437;22138;36;29;7;67.338;16140;83478;38481;12356;46;15;31;24;Administraçăo, defesa, educaçăo e saúde públicas e seguridade social;10.682,63;Sim;Năo;Sim;Sim;Sim;Sim;Sim;Sim;Sim;12/05/2020;187;0,691428571;15/04/2020;214;0,659090909;0,2593;0,2417;0,3567;0,3735;0,3795;0,3555;0,1142;0;0,1378;0;-0,0012;1;0.11006135131911962;0.19334435420110688;8.328300288198726;3.080331286;2.43891794;-0.6414133459999998;-0.23348267785955917;0.7643599257142857;0.007634508276464391;2.8931045101855286;-0.5358697139568344;-0.18660737320808338;-4.151079136690647;PA;130122;1;24;True
Breves;PA;TONINHO BARBOSA;LUTH REBELO;XARĂO LEĂO;104.280;12;6 - 100001 até 500000;1 - Norte;MASCULINO;0;REPUBLICANOS;3,096992495;2,973170401;0,123822094;47918;13310;61228;17268;17116;28;28;0;54.468;14884;69352;12473;19220;18;28;-10;-10;Administraçăo, defesa, educaçăo e saúde públicas e seguridade social;8.185,99;Năo;Năo;Năo;Sim;Sim;Sim;Sim;Sim;Sim;14/05/2020;185;0,68;16/03/2020;244;1;0,2723;0,2526;0,3946;0,3287;0,3155;0,3714;0,0564;0;0,0629;0;-0,0232;1;0.21738420330567715;0.21461529588187794;-0.2768907423799205;2.973170401;3.096992495;0.12382209399999988;0.04080261912285096;0.6685714285714285;-0.08815398886639281;-5.712086520393118;0.22936572604316532;0.08767792377432676;-11.151079136690647;PA;104280;0;-10;True
Castanhal;PA;PEDRO COELHO;PAULO TITAN;TITAN;205.667;12;6 - 100001 até 500000;1 - Norte;MASCULINO;0;CIDADANIA;4,956156494;2,578973911;2,377182582;107408;13873;121281;52285;29602;43;24;19;105.384;24574;129958;24457;26857;19;21;-2;-21;Demais serviços;21.122,55;Sim;Năo;Sim;Sim;Sim;Sim;Sim;Sim;Sim;14/05/2020;185;0,68;01/05/2020;198;0,477272727;0,4208;0,4409;0,5685;0,4876;0,4824;0,5933;0,0668;0;0,0415;0;0,0248;0;0.11438724944550259;0.1890918604472214;7.470461100171881;2.578973911;4.956156494;2.377182583;0.6532389290314692;0.7367532467142857;-0.01997217072353563;2.0352653221586836;2.4827262150431655;0.700114233682945;7.848920863309353;PA;205667;0;-21;True
Itaituba;PA;VALMIR CLIMACO;IVAN DALMEIDA;IVAN DALMEIDA;101.541;12;6 - 100001 até 500000;1 - Norte;MASCULINO;1;MDB;1,537509193;2,641179023;-1,10366983;55199;20239;75438;26293;15244;35;20;15;57.574;26401;83975;42077;12270;50;15;35;21;Demais serviços;25.900,08;Sim;Sim;Sim;Sim;Sim;Sim;Sim;Sim;Sim;14/05/2020;185;0,68;12/06/2020;156;0;0,3118;0,1698;0,516;0,3884;0,2891;0,556;0,0766;0;0,1193;0;0,04;0;0.2682865399400832;0.3143911878535278;4.61046479134446;2.641179023;1.537509193;-1.1036698299999999;-0.5410617172158552;0.8114285714285714;0.0547031539907501;-0.8247309866687376;-0.9981261979568344;-0.49418641256437934;3.8489208633093526;PA;101541;1;21;True
Alagoa grande;PB;SOBRINHO;JOSILDO OLIVEIRA;BÔDA;28.384;10;4 - 20001 até 50000;2 - Nordeste;MASCULINO;1;PP;2,893935994;2,461921954;0,43201404;17689;6331;24020;7474;6704;31;28;3;17.556;3924;21480;7000;4969;33;23;9;6;Administraçăo, defesa, educaçăo e saúde públicas e seguridade social;9.884,10;Năo;Năo;Sim;Sim;Sim;Sim;Sim;Sim;Sim;28/05/2020;171;0,6;19/03/2020;241;0,965909091;0,3776;0,5484;0,3099;0,3906;0,5135;0,3285;0,013;0;-0,0349;1;0,0186;0;0.26357202331390506;0.18268156424581006;-8.089045906809499;2.461921954;2.893935994;0.4320140399999999;0.16167518415525245;0.7951298701428572;0.038404452705035896;-13.524241684822696;0.5375576720431653;0.20855048880672825;-8.151079136690647;PB;28384;1;6;True
Areia;PB;JOĂO FRANCISCO;PAULO MOVEIS;DRA SILVIA;22.493;10;4 - 20001 até 50000;2 - Nordeste;MASCULINO;0;PSDB;2,079695152;1,944270085;0,135425067;15701;3884;19585;8873;5254;45;27;18;14.727;3220;17947;6040;7248;34;40;-7;-25;Administraçăo, defesa, educaçăo e saúde públicas e seguridade social;10.754,72;Năo;Năo;Sim;Năo;Sim;Năo;Năo;Sim;Sim;11/05/2020;188;0,697142857;21/03/2020;239;0,943181818;0,3504;0,3893;0,3387;0,5009;0,6483;0,3683;0,1505;0;0,259;0;0,0296;0;0.1983150370181261;0.17941717278653815;-1.8897864231587957;1.944270085;2.079695152;0.13542506700000012;0.067334692432399;0.5200463821428573;-0.23667903529496404;-7.324982201171993;0.24096869904316556;0.11420999708387479;6.848920863309353;PB;22493;0;-25;True
Cajazeiras;PB;ZÉ ALDEMIR;DRA DENISE;DRA DENISE;62.576;11;5 - 50001 até 100000;2 - Nordeste;MASCULINO;1;PP;2,556951634;2,151547057;0,405404577;36762;8653;45415;16926;15839;37;35;2;36.462;7959;44421;16416;12688;37;29;8;6;Demais serviços;18.213,02;Sim;Năo;Sim;Sim;Sim;Sim;Sim;Sim;Sim;18/05/2020;181;0,657142857;18/05/2020;181;0,284090909;0,4905;0,6037;0,4851;0,5743;0,6495;0,4923;0,0838;0;0,0458;0;0,0072;0;0.19053176263349114;0.1791720132369825;-1.1359749396508634;2.151547057;2.556951634;0.40540457699999966;0.17262863622049102;0.705890538;-0.05083487943782128;-6.57117071766406;0.5109482090431651;0.2195039408719668;-9.151079136690647;PB;62576;1;6;True
Mamanguape;PB;EUNICE;FABIO FERNANDES;FABRÍCIO SALES;45.385;11;4 - 20001 até 50000;2 - Nordeste;FEMININO;1;CIDADANIA;1,87512932;2,074275078;-0,199145758;26516;3483;29999;12859;11020;43;37;6;25.634;5289;30923;14991;8841;48;29;20;14;Administraçăo, defesa, educaçăo e saúde públicas e seguridade social;15.320,26;Năo;Năo;Sim;Sim;Sim;Năo;Sim;Sim;Sim;29/05/2020;170;0,594285714;18/03/2020;242;0,977272727;0,3953;0,4005;0,5358;0,4412;0,4107;0,5517;0,0459;0;0,0102;0;0,0159;0;0.1161038701290043;0.171037738899848;5.493386877084369;2.074275078;1.87512932;-0.19914575799999978;-0.10093410493156589;0.7959369201428571;0.03921150270503582;0.05819109907117159;-0.09360212595683434;-0.054058800280090094;-5.151079136690647;PB;45385;1;14;True
Mari;PB;ANTONIO GOMES;MARCOS MARTINS;MARCOS MARTINS;21.895;10;4 - 20001 até 50000;2 - Nordeste;MASCULINO;1;PL;2,560317252;2,166443468;0,393873784;13724;3537;17261;6298;5913;36;34;2;14.348;2027;16375;6263;5671;38;35;4;1;Administraçăo, defesa, educaçăo e saúde públicas e seguridade social;10.091,56;Sim;Năo;Sim;Sim;Sim;Năo;Sim;Sim;Sim;01/05/2020;198;0,754285714;20/03/2020;240;0,954545455;0,3783;0,5326;0,3121;0,4392;0,5298;0,3118;0,0609;0;-0,0028;1;-0,0003;1;0.20491280922310412;0.12378625954198473;-8.112654968111938;2.166443468;2.560317252;0.3938737839999997;0.16704430921784372;0.8155473098571429;0.058821892419321564;-13.547850746125135;0.49941741604316514;0.2139196138693195;-9.151079136690647;PB;21895;1;1;True
Cabo de santo agostinho;PE;LULA CABRAL;BETINHO;KEKO DO ARMAZEM;210.796;12;6 - 100001 até 500000;2 - Nordeste;MASCULINO;0;PSB;2,863997109;2,232404001;0,631593108;136514;25711;162225;66970;44028;41;27;14;130.451;22611;153062;33449;54305;22;35;-14;-28;Demais serviços;48.296,36;Sim;Sim;Năo;Sim;Sim;Sim;Sim;Sim;Sim;31/07/2020;107;0,234285714;20/03/2020;240;0,954545455;0,5446;0,5719;0,6425;0,5593;0,5429;0,6413;0,0147;0;-0,029;1;-0,0012;1;0.15848975188781014;0.14772445152944558;-1.0765300358364565;2.232404001;2.863997109;0.6315931080000001;0.24913920749844629;0.7412615955714286;-0.015463821866392724;-6.511725813849654;0.7371367400431655;0.2960145121499221;2.8489208633093526;PE;210796;0;-28;True
Jaboatao dos guararapes;PE;ANDERSON FERREIRA;NECO;DANIEL ALVES;711.330;13;7 - Maior que 500000;2 - Nordeste;MASCULINO;1;PL;2,526378891;3,734115037;-1,207736146;368313;75539;443852;99670;87490;22;20;3;348.251;106664;454915;144586;81827;32;18;14;11;Demais serviços;18.809,45;Sim;Sim;Sim;Sim;Sim;Sim;Sim;Sim;Sim;31/07/2020;107;0,234285714;20/03/2020;240;0,954545455;0,525;0,5049;0,6205;0,5196;0,5067;0,5752;-0,0054;1;0,0018;0;-0,0453;1;0.17018961275380082;0.2344701757471176;6.428056299331677;3.734115037;2.526378891;-1.2077361460000002;-0.39072384350867934;0.8841187384285715;0.12739332099075018;0.9928605213184802;-1.1021925139568347;-0.34384853885720357;-8.151079136690647;PE;711330;1;11;True
Olinda;PE;PROFESSOR LUPERCIO;ANTÔNIO CAMPOS;JOĂO PAULO;393.734;13;6 - 100001 até 500000;2 - Nordeste;MASCULINO;1;SOLIDARIEDADE;2,152488493;4,977854149;-2,825365656;242370;16958;259328;46476;55995;18;22;-4;231.439;51513;282952;123534;45289;44;16;28;31;Demais serviços;14.314,03;Sim;Năo;Năo;Sim;Sim;Sim;Sim;Sim;Sim;17/07/2020;121;0,314285714;20/03/2020;240;0,954545455;0,5214;0,4945;0,653;0,531;0,5187;0,6266;0,0096;0;0,0242;0;-0,0264;1;0.06539209032576505;0.18205561367299047;11.666352334722543;4.977854149;2.152488493;-2.825365656;-0.8383742929714897;0.6098330241428572;-0.14689239329496406;6.231156556709346;-2.7198220239568345;-0.7914989883200139;-15.151079136690647;PE;393734;1;31;True
Petrolina;PE;MIGUEL COELHO;ODACY AMORIM;JULIO LOSSIO FILHO;359.372;13;6 - 100001 até 500000;2 - Nordeste;MASCULINO;1;MDB;1,665062186;3,584928913;-1,919866727;168514;15364;183878;60509;39618;33;22;11;170.622;39737;210359;121300;15567;58;7;50;39;Demais serviços;19.416,68;Năo;Sim;Năo;Sim;Năo;Sim;Sim;Năo;Sim;31/05/2020;168;0,582857143;23/03/2020;237;0,920454545;0,5681;0,5331;0,6479;0,6583;0,6625;0,654;0,0902;0;0,1294;0;0,0061;0;0.0835554008636161;0.18890087897356425;10.534547810994816;3.584928913;1.665062186;-1.919866727;-0.7668761731613218;0.6433302411428572;-0.1133951762949641;5.099352032981619;-1.8143230949568345;-0.720000868509846;-0.15107913669064743;PE;359372;1;39;True
Vitoria de santo antao;PE;AGLAILSON;PAULO ROBERTO;PAULO ROBERTO;140.389;12;6 - 100001 até 500000;2 - Nordeste;MASCULINO;0;PSB;2,270911295;2,964597944;-0,693686649;83748;4631;88379;30935;30019;35;34;1;80.788;14156;94944;26532;40665;28;43;-15;-16;Demais serviços;30.132,25;Sim;Năo;Năo;Sim;Sim;Sim;Sim;Sim;Sim;31/05/2020;168;0,582857143;20/03/2020;240;0,954545455;0,4296;0,3722;0,5413;0,494;0,4957;0,5704;0,0644;0;0,1235;0;0,0291;0;0.05239932563165458;0.1490984159083249;9.669909027667032;2.964597944;2.270911295;-0.693686649;-0.2665602201054986;0.6482003711428571;-0.10852504629496418;4.234713249653835;-0.5881430169568346;-0.21968491545402283;-10.151079136690647;PE;140389;0;-16;True
Barras;PI;CARLOS MONTE;EDILSON CAPOTE;CAPOTE;47.298;11;4 - 20001 até 50000;2 - Nordeste;MASCULINO;0;PTB;2,45690348;1,996117282;0,460786198;29361;2927;32288;14299;13091;44;41;4;28.791;5953;34744;10257;13825;30;40;-10;-14;Administraçăo, defesa, educaçăo e saúde públicas e seguridade social;9.950,15;Năo;Năo;Sim;Sim;Sim;Năo;Sim;Sim;Sim;22/04/2020;207;0,805714286;21/03/2020;239;0,943181818;0,3497;0,4113;0,2956;0,413;0,4421;0,2969;0,0633;0;0,0308;0;0,0013;0;0.09065287413280476;0.17133893621920332;8.068606208639856;1.996117282;2.45690348;0.46078619799999987;0.20769787440804216;0.821270872;0.06454545456217875;2.6334104306266592;0.5663298300431653;0.25457317905951793;-7.151079136690647;PI;47298;0;-14;True
Campo maior;PI;PROFESSOR RIBINHA;JOĂOZINHO FÉLIX;JOĂOZINHO FÉLIX;46.950;11;4 - 20001 até 50000;2 - Nordeste;MASCULINO;0;PT;2,355003933;2,181826496;0,173177437;29732;2058;31790;14264;12062;45;38;7;28.437;5437;33874;11439;12748;34;38;-4;-11;Administraçăo, defesa, educaçăo e saúde públicas e seguridade social;14.081,19;Năo;Năo;Sim;Sim;Sim;Sim;Sim;Năo;Sim;22/04/2020;207;0,805714286;20/03/2020;240;0,954545455;0,3965;0,3083;0,3985;0,4697;0,4081;0,4125;0,0732;0;0,0998;0;0,014;0;0.0647373387857817;0.16050658322016886;9.576924443438717;2.181826496;2.355003933;0.1731774370000001;0.07638002932169975;0.6800371058571428;-0.07668831158067846;4.14172866542552;0.2787210690431655;0.12325533397317555;-4.151079136690647;PI;46950;0;-11;True
Floriano;PI;JOEL RODRIGUES;ALMIR REIS;BILU CLAUDEMIR REZENDE;60.111;11;5 - 50001 até 100000;2 - Nordeste;MASCULINO;1;PP;2,793180314;2,345688179;0,447492135;35983;6023;42006;16040;15328;38;36;2;33.984;8895;42879;14429;9742;34;23;11;9;Demais serviços;21.866,04;Năo;Năo;Sim;Sim;Năo;Sim;Sim;Sim;Sim;22/04/2020;207;0,805714286;20/03/2020;240;0,954545455;0,4373;0,3583;0,5313;0,5055;0,5191;0,5513;0,0682;0;0,1608;0;0,02;0;0.14338427843641385;0.20744420345623732;6.405992501982347;2.345688179;2.793180314;0.44749213500000007;0.17460201876457643;0.8228942487142856;0.06616883127646433;0.9707967239691495;0.5530357670431655;0.22147732341605222;-9.151079136690647;PI;60111;1;9;True
Parnaiba;PI;MĂO SANTA;FLORENTINO;DR HELIO;153.863;12;6 - 100001 até 500000;2 - Nordeste;MASCULINO;1;DEM;1,856665802;2,454497943;-0,597832141;85979;12357;98336;35585;34462;36;35;1;83.864;19483;103347;52075;20123;50;19;31;30;Demais serviços;17.021,64;Sim;Năo;Sim;Sim;Sim;Năo;Sim;Sim;Sim;22/04/2020;207;0,805714286;23/03/2020;237;0,920454545;0,3826;0,3436;0,4929;0,4422;0,4302;0,5223;0,0596;0;0,0866;0;0,0294;0;0.1256609990237553;0.18852022796984916;6.285922894609386;2.454497943;1.856665802;-0.5978321409999998;-0.27913993690124406;0.8180241187142857;0.06129870127646442;0.8507271165961887;-0.4922885089568344;-0.23226463224976826;-10.151079136690647;PI;153863;1;30;True
Piripiri;PI;LUIZ MENEZES;JÔVE OLIVEIRA;JÔVE OLIVEIRA;63.829;11;5 - 50001 até 100000;2 - Nordeste;MASCULINO;0;PP;2,098293325;2,049104677;0,049188648;39314;8678;47992;17956;17729;37;37;0;37.775;11953;49728;17110;17671;34;36;-1;-2;Administraçăo, defesa, educaçăo e saúde públicas e seguridade social;14.159,14;Sim;Năo;Sim;Sim;Năo;Sim;Sim;Sim;;01/05/2020;198;0,754285714;20/03/2020;240;0,954545455;0,4855;0,5654;0,4019;0,5409;0,6308;0,4434;0,0554;0;0,0654;0;0,0415;0;0.180821803633939;0.24036759974259975;5.954579610866076;2.049104677;2.098293325;0.049188648000000335;0.023721357103292404;0.8155473098571429;0.058821892419321564;0.5193838328528786;0.15473228004316578;0.0705966617547682;-11.151079136690647;PI;63829;0;-2;True
Curitiba;PR;RAFAEL GRECA;NEY LEPREVOST;GOURA;1.963.726;14;7 - Maior que 500000;4 - Sul;MASCULINO;1;DEM;2,597457674;3,970100915;-1,372643241;1077252;211952;1289204;356539;219727;28;17;11;942.467;407421;1349888;499821;110977;37;8;29;18;Demais serviços;45.318,46;Năo;Năo;Sim;Sim;Năo;Sim;Sim;Sim;Sim;16/06/2020;152;0,491428571;26/03/2020;234;0,886363636;0,8049;0,8198;0,8926;0,8074;0,8158;0,9151;0,0025;0;-0,004;1;0,0225;0;0.1644053229744866;0.3018183730798407;13.741305010535413;3.970100915;2.597457674;-1.372643241;-0.4242583648119569;0.7682560295714287;0.011530612133607399;8.306109232522216;-1.2670996089568345;-0.37738306016048107;-0.15107913669064743;PR;1963726;1;18;True
Foz do iguacu;PR;CHICO BRASILEIRO;PHELIPE MANSUR;PAULO MAC DONALD;257.971;12;6 - 100001 até 500000;4 - Sul;MASCULINO;1;PSD;3,00053621;2,151352161;0,849184049;150839;14891;165730;54488;23572;33;14;19;141.027;42279;183306;54252;51595;30;28;1;-17;Eletricidade e gás, água, esgoto, atividades de gestăo de resíduos e descontaminaçăo;69.247,40;Năo;Năo;Sim;Sim;Sim;Sim;Sim;Sim;Sim;14/06/2020;154;0,502857143;22/03/2020;238;0,931818182;0,6535;0,583;0,8;0,6967;0,6719;0,7777;0,0432;0;0,0889;0;-0,0223;1;0.0898509624087371;0.23064711466073123;14.079615225199413;2.151352161;3.00053621;0.8491840489999998;0.3326944528130181;0.7763821892857142;0.01965677184789294;8.644419447186216;0.9547276810431652;0.37956975746449395;7.848920863309353;PR;257971;1;-17;True
Londrina;PR;MARCELO BELINATI;VALTER ORSI;BOCA ABERTA;580.870;13;7 - Maior que 500000;4 - Sul;MASCULINO;1;PP;1,682450075;2,522263563;-0,839813488;301984;51330;353314;136360;93415;39;26;12;278.784;97289;376073;175331;18558;47;5;42;30;Demais serviços;37.766,29;Sim;Năo;Sim;Sim;Sim;Sim;Sim;Sim;Sim;09/04/2020;220;0,88;19/03/2020;241;0,965909091;0,7714;0,762;0,9089;0,7769;0,7382;0,9077;0,0055;0;-0,0238;1;-0,0012;1;0.14528153427263002;0.25869711465593115;11.341558038330113;2.522263563;1.682450075;-0.8398134880000001;-0.40490562864256024;0.8351298701428572;0.07840445270503593;5.906362260316916;-0.7342698559568347;-0.3580303239910845;0.8489208633093526;PR;580870;1;30;True
Maringa;PR;ULISSES MAIA;SILVIO BARROS;HOMERO MARCHESE;436.472;13;6 - 100001 até 500000;4 - Sul;MASCULINO;1;PSD;2,696241562;3,399490122;-0,703248561;213696;48020;261716;56156;77196;21;29;-8;195.581;83919;279500;103010;34152;37;12;25;33;Demais serviços;46.507,74;Năo;Năo;Sim;Sim;Năo;Sim;Sim;Sim;Sim;17/04/2020;212;0,834285714;18/03/2020;242;0,977272727;0,8291;0,8171;0,9151;0,8525;0,8352;0,9443;0,0234;0;0,0181;0;0,0292;0;0.18348133090831284;0.3002468694096601;11.676553850134727;3.399490122;2.696241562;-0.70324856;-0.231766667074151;0.8302226344285714;0.07349721699075007;6.24135807212153;-0.5977049279568346;-0.1848913624226752;-19.151079136690647;PR;436472;1;33;True
Paranagua;PR;MARCELO ROQUE;ANDRE PIOLI;ADRIANO RAMOS;157.378;12;6 - 100001 até 500000;4 - Sul;MASCULINO;1;PODE;2,468872998;2,943640651;-0,474767652;84269;8047;92316;32399;25446;35;28;8;78.809;22594;101403;36444;27265;36;27;9;2;Demais serviços;77.282,41;Sim;Sim;Sim;Sim;Sim;Sim;Sim;Sim;Sim;08/04/2020;221;0,885714286;20/03/2020;240;0,954545455;0,6023;0,4669;0,8094;0,6295;0,4983;0,8153;0,0272;0;0,0314;0;0,0059;0;0.08716798821439403;0.2228139206926817;13.564593247828766;2.943640651;2.468872998;-0.4747676529999998;-0.17588536153463752;0.977179963;0.2204545455621787;8.129397469815569;-0.3692240209568344;-0.12901005688316172;-3.1510791366906474;PR;157378;1;2;True
Belford roxo;RJ;WAGUINHO;DR,DEODALTO;CRISTIANO SANTOS;515.239;13;7 - Maior que 500000;3 - Sudeste;MASCULINO;1;MDB;1,504955703;2,755699041;-1,250743338;264288;64489;328777;102777;65955;31;20;11;246.114;79682;325796;162720;25565;50;8;42;31;Administraçăo, defesa, educaçăo e saúde públicas e seguridade social;17.079,09;Sim;Năo;Sim;Sim;Sim;Sim;Sim;Sim;Sim;15/06/2020;153;0,497142857;30/03/2020;230;0,840909091;0,3656;0,3629;0,4475;0,3595;0,3014;0,397;-0,0061;1;-0,0615;1;-0,0505;1;0.19614814904935565;0.2445763606674115;4.842821161805586;2.755699041;1.504955703;-1.2507433380000001;-0.6049076812646157;0.7625788497142858;0.00585343227646451;-0.5923746162076116;-1.1451997059568346;-0.5580323766131399;-0.15107913669064743;RJ;515239;1;31;True
Campos dos goytacazes;RJ;RAFAEL DINIZ;DR, CHICĂO;WLADIMIR GAROTINHO;514.643;13;7 - Maior que 500000;3 - Sudeste;MASCULINO;0;CIDADANIA;3,478271048;2,454337179;1,023933869;292646;66677;359323;151462;81989;42;23;19;270.753;89873;360626;13530;106526;4;30;-26;-45;Demais serviços;46.641,88;Sim;Năo;Năo;Sim;Sim;Sim;Sim;Sim;Sim;25/05/2020;174;0,617142857;03/04/2020;226;0,795454545;0,5386;0,5633;0,628;0,5351;0,5266;0,6241;-0,0035;1;-0,0367;1;-0,0039;1;0.18556285013761992;0.24921386699794246;6.365101686032254;2.454337179;3.478271048;1.023933869;0.34867860843471116;0.6303710574285715;-0.12635436000924982;0.929905908019057;1.1294775010431655;0.3955539130861869;7.848920863309353;RJ;514643;0;-45;True
Duque de caxias;RJ;WASHINGTON REIS;DICA;MARCELO DINO;929.449;14;7 - Maior que 500000;3 - Sudeste;MASCULINO;1;MDB;3,027887816;3,953520981;-0,925633165;509282;118882;628164;149782;87643;24;14;10;502.547;155453;658000;212354;71335;32;11;21;12;Demais serviços;50.997,67;Sim;Năo;Sim;Sim;Sim;Sim;Sim;Sim;Sim;22/04/2020;207;0,805714286;14/04/2020;215;0,670454545;0,5161;0,5333;0,6915;0,5081;0,4977;0,6604;-0,008;1;-0,0356;1;-0,0311;1;0.18925312498010075;0.23625075987841945;4.699763489831871;3.953520981;3.027887816;-0.9256331650000003;-0.2667412834462487;0.782309833;0.02558441556217872;-0.7354322881813262;-0.8200895329568348;-0.2198659787947729;-1.1510791366906474;RJ;929449;1;12;True
Nova iguacu;RJ;ROGERIO LISBOA;BORNIER;MAX LEMOS;825.388;14;7 - Maior que 500000;3 - Sudeste;MASCULINO;1;PP;2,383619695;3,067348424;-0,683728729;465686;117950;583636;157986;131531;27;23;5;435.797;151188;586985;218396;48740;37;8;29;24;Demais serviços;20.895,09;Sim;Năo;Năo;Sim;Sim;Năo;Sim;Sim;Sim;03/06/2020;165;0,565714286;21/03/2020;239;0,943181818;0,4853;0,5249;0,5812;0,4716;0,4987;0,527;-0,0137;1;-0,0262;1;-0,0542;1;0.20209514149229998;0.2575670587834442;5.547191729114423;3.067348424;2.383619695;-0.6837287289999998;-0.25219327028469324;0.6441280148571428;-0.11259740258067852;0.11199595110122562;-0.5781850969568344;-0.20531796563321744;-6.151079136690647;RJ;825388;1;24;True
Rio de janeiro;RJ;CRIVELLA;MARCELO FREIXO;EDUARDO PAES;6.775.561;16;7 - Maior que 500000;3 - Sudeste;MASCULINO;0;REPUBLICANOS;4,585491121;5,782401206;-1,196910085;3708857;1189187;4898044;842201;553424;17;11;6;3.261.011;1590876;4851887;576825;974804;12;20;-8;-14;Demais serviços;49.094,40;Sim;Năo;Sim;Sim;Năo;Năo;Sim;Sim;Sim;18/04/2020;211;0,828571429;21/03/2020;239;0,943181818;0,7147;0,7311;0,8739;0,7397;0,7162;0,8607;0,025;0;-0,0149;1;-0,0132;1;0.24278814155201545;0.3278880979709544;8.509995641893898;5.782401206;4.585491121;-1.1969100850000007;-0.23192181528569347;0.8245361781428572;0.06781076070503589;3.074799863880701;-1.0913664529568352;-0.18504651063421768;-5.151079136690647;RJ;6775561;0;-14;True
Volta redonda;RJ;SAMUCA SILVA;BALTAZAR;NETO;274.925;13;6 - 100001 até 500000;3 - Sudeste;MASCULINO;0;PSC;2,787441971;4,251739506;-1,464297534;180817;42423;223240;39547;50881;18;23;-5;166.140;56851;222991;13889;85673;6;38;-32;-27;Demais serviços;42.448,64;Sim;Sim;Năo;Sim;Năo;Năo;Sim;Sim;Sim;16/04/2020;213;0,84;20/03/2020;240;0,954545455;0,6775;0,7139;0,7781;0,6817;0,6435;0,8053;0,0042;0;-0,0704;1;0,0272;0;0.19003314818132952;0.2549475090922952;6.491436091096567;4.251739506;2.787441971;-1.464297535;-0.4222038757360974;0.8277922078571428;0.07106679041932151;1.0562403130833697;-1.3587539029568345;-0.3753285710846216;-16.151079136690647;RJ;274925;0;-27;True
Caico;RN;BATATA;ROBERTO GERMANO;DR TADEU;68.726;11;5 - 50001 até 100000;2 - Nordeste;MASCULINO;0;MDB;3,446192105;3,75366339;-0,307471285;37391;4089;41480;12687;9767;31;24;7;35.998;7337;43335;8301;14248;19;33;-14;-21;Demais serviços;18.883,59;Sim;Năo;Sim;Sim;Năo;Năo;Sim;Sim;Sim;14/05/2020;185;0,68;24/03/2020;236;0,909090909;0,5091;0,4809;0,5381;0,6143;0,6306;0,5591;0,1052;0;0,1497;0;0,021;0;0.09857762777242045;0.169308872735664;7.073124496324355;3.75366339;3.446192105;-0.30747128499999965;-0.08546238332704736;0.7984415584285713;0.04171614099075005;1.6379287183111577;-0.2019276529568342;-0.03858707867557157;-4.151079136690647;RN;68726;0;-21;True
Currais novos;RN;ODON JR;CARLSON GOMES;ZÉ LINS;45.022;11;4 - 20001 até 50000;2 - Nordeste;MASCULINO;1;PT;2,595275678;2,649097731;-0,053822053;25454;7292;32746;10497;9628;32;29;3;24.827;5773;30600;10907;8958;36;29;6;4;Administraçăo, defesa, educaçăo e saúde públicas e seguridade social;16.670,54;Năo;Năo;Năo;Sim;Sim;Năo;Sim;Sim;Sim;29/04/2020;200;0,765714286;01/04/2020;228;0,818181818;0,5331;0,5592;0,4873;0,6178;0,6855;0,4957;0,0847;0;0,1263;0;0,0084;0;0.22268368655713675;0.18866013071895424;-3.4023555838182507;2.649097731;2.595275678;-0.05382205299999976;-0.020526357882003195;0.6548423005714286;-0.10188311686639273;-8.837551361831448;0.05172157904316568;0.026348946769472602;-8.151079136690647;RN;45022;1;4;True
Extremoz;RN;JOAZ;PADRE EDILSON;JUSSARA SALES;29.282;10;4 - 20001 até 50000;2 - Nordeste;MASCULINO;0;PATRIOTA;4,770331445;2,826317384;1,944014062;19295;2902;22197;8998;4236;41;19;21;20.678;3511;24189;2671;5719;11;24;-13;-34;Administraçăo, defesa, educaçăo e saúde públicas e seguridade social;18.817,17;Năo;Năo;Năo;Sim;Sim;Sim;Sim;Sim;Sim;05/05/2020;194;0,731428571;30/03/2020;230;0,840909091;0,3851;0,4359;0,4058;0,4626;0,4811;0,4158;0,0775;0;0,0452;0;0,01;0;0.13073838807045998;0.14514862127413286;1.4410233203672878;2.826317384;4.770331445;1.9440140609999998;0.5234412012916625;0.6531910945714285;-0.10353432286639275;-3.9941724576459094;2.049557693043165;0.5703165059431383;9.848920863309353;RN;29282;0;-34;True
Mossoro;RN;ROSALBA CIARLINI;TIĂO;ALLYSON;303.792;13;6 - 100001 até 500000;2 - Nordeste;FEMININO;0;PP;2,411548913;2,359838192;0,051710721;144413;22707;167120;67476;51990;40;31;9;145.751;30181;175932;59034;65297;34;37;-4;-13;Demais serviços;23.838,91;Sim;Sim;Sim;Sim;Năo;Sim;Sim;Sim;Sim;24/04/2020;205;0,794285714;23/03/2020;237;0,920454545;0,5957;0,5724;0,7157;0,6412;0,6168;0,7312;0,0455;0;0,0444;0;0,0155;0;0.13587242699856392;0.17154923493167815;3.567680793311423;2.359838192;2.411548913;0.05171072100000007;0.021676189572271336;0.9592486084285714;0.2025231909907501;-1.8675149847017742;0.1572543530431655;0.06855149422374714;-2.1510791366906474;RN;303792;0;-13;True
Touros;RN;ASSIS DO HOSPITAL;DR, ALISSON;PEDRO FILHO;33.716;10;4 - 20001 até 50000;2 - Nordeste;MASCULINO;0;PP;3,093167712;1,376134303;1,717033408;21487;3905;25392;13937;2721;55;11;44;21.283;3502;24785;7476;8310;30;34;-3;-48;Administraçăo, defesa, educaçăo e saúde públicas e seguridade social;18.206,68;Năo;Năo;Sim;Sim;Sim;Sim;Sim;Sim;Sim;04/05/2020;195;0,737142857;20/03/2020;240;0,954545455;0,3788;0,4662;0,3558;0,4335;0,527;0,3712;0,0547;0;0,0608;0;0,0154;0;0.15378859483301827;0.1412951381884204;-1.2493456644597862;1.376134303;3.093167712;1.7170334090000001;0.809917376644681;0.8130983302857143;0.05637291284789303;-6.684541442472984;1.8225770410431656;0.8567926812961568;32.84892086330935;RN;33716;0;-48;True
Costa marques;RO;MIRANDĂO;JACQUELINE;PROFESSOR SERGINHO;19.255;10;3 - 10001 até 20000;1 - Norte;MASCULINO;1;REPUBLICANOS;1,627913342;2,793612587;-1,165699245;6862;2168;9030;2775;2359;31;26;5;6.761;2603;9364;4789;1691;51;18;33;28;Administraçăo, defesa, educaçăo e saúde públicas e seguridade social;13.936,50;Năo;Năo;Năo;Sim;Sim;Năo;Năo;Năo;Sim;18/05/2020;181;0,657142857;20/03/2020;240;0,954545455;0,3558;0,3963;0,3997;0,3534;0,3732;0,3631;-0,0024;1;-0,0231;1;-0,0366;1;0.24008859357696566;0.2779794959419052;3.7890902364939527;2.793612587;1.627913342;-1.165699245;-0.5400365558749137;0.3730983302857143;-0.38362708715210697;-1.6461055415192445;-1.0601556129568346;-0.4931612512234379;-6.151079136690647;RO;19255;1;28;True
Ouro preto do oeste;RO;VAGNO PANISOLY;ROSÁRIA HELENA;ALEX TESTONI;35.445;10;4 - 20001 até 50000;1 - Norte;MASCULINO;0;MDB;1,999563683;1,997786862;0,001776821;21246;8470;29716;9686;9062;33;30;2;20.712;9678;30390;9671;9961;32;33;-1;-3;Administraçăo, defesa, educaçăo e saúde públicas e seguridade social;24.769,65;Năo;Năo;Sim;Sim;Sim;Sim;Sim;Sim;Sim;16/06/2020;152;0,491428571;23/03/2020;237;0,920454545;0,5549;0,4968;0,6182;0,5941;0,5723;0,6522;0,0392;0;0,0755;0;0,034;0;0.28503163279041593;0.3184600197433366;3.342838695292066;1.997786862;1.999563683;0.001776820999999984;0.0008889993994866171;0.7731261594285714;0.016400741990750145;-2.092357082721131;0.10732045304316543;0.047764304050962415;-9.151079136690647;RO;35445;0;-3;True
Seringueiras;RO;LEONILDE GARDA;GALEGO;ARMANDO;11.846;9;3 - 10001 até 20000;1 - Norte;FEMININO;0;PDT;3,724988095;2,890585651;0,834402444;7452;1910;9362;3025;2054;32;22;10;7.493;2504;9997;1104;2793;11;28;-17;-27;Administraçăo, defesa, educaçăo e saúde públicas e seguridade social;21.146,51;Sim;Năo;Sim;Sim;Sim;Sim;Năo;Sim;Sim;29/05/2020;170;0,594285714;21/03/2020;239;0,943181818;0,488;0,5293;0,4712;0,5045;0,5506;0,4851;0,0165;0;0,0213;0;0,0139;0;0.20401623584704123;0.2504751425427628;4.645890669572158;2.890585651;3.724988095;0.8344024440000002;0.25360452685428814;0.6482096474285715;-0.10851577000924983;-0.789305108441039;0.9399460760431656;0.30047983150576396;-1.1510791366906474;RO;11846;0;-27;True
Urupa;RO;CELIO LANG;ZÉ ROBERTO;SERJĂO;11.081;9;3 - 10001 até 20000;1 - Norte;MASCULINO;1;PP;2,568067898;1,899372498;0,6686954;7446;2194;9640;4281;2679;44;28;17;7.182;2567;9749;3591;1842;37;19;18;1;Administraçăo, defesa, educaçăo e saúde públicas e seguridade social;20.209,46;Sim;Năo;Sim;Sim;Sim;Năo;Năo;Sim;Sim;27/04/2020;202;0,777142857;21/03/2020;239;0,943181818;0,4657;0,5367;0,447;0,5326;0,5808;0,5489;0,0669;0;0,0441;0;0,1019;0;0.22759336099585062;0.2633090573392143;3.5715696343363663;1.899372498;2.568067898;0.6686953999999998;0.30163025809670263;0.6743320964285714;-0.0823933210092499;-1.8636261436768309;0.7742390320431652;0.34850556274817845;5.848920863309353;RO;11081;1;1;True
Vilhena;RO;EDUARDO JAPONĘS;ROSANI DONADON;ROSANI DONADON;104.517;12;6 - 100001 até 500000;1 - Norte;FEMININO;0;PSC;3,222215119;1,932583195;1,289631924;43815;14763;58578;16822;1343;29;2;26;44.704;16478;61182;16714;13882;27;23;5;-22;Demais serviços;30.847,95;Sim;Năo;Sim;Sim;Sim;Sim;Sim;Sim;Sim;17/04/2020;212;0,834285714;20/03/2020;240;0,954545455;0,6321;0,5583;0,7992;0,6629;0,6257;0,8396;0,0308;0;0,0674;0;0,0404;0;0.2520229437672846;0.26932758000719165;1.7304636239907023;1.932583195;3.222215119;1.2896319239999998;0.5112114971939717;0.8269758812857143;0.07025046384789302;-3.704732154022495;1.3951755560431653;0.5580868018454476;14.848920863309353;RO;104517;0;-22;True
Canta;RR;CARLOS BARBUDO;ANDRÉ;ANDRÉ CASTRO;19.257;10;3 - 10001 até 20000;1 - Norte;MASCULINO;0;PROS;2,52720018;6,652148233;-4,124948052;9967;1727;11694;1918;1720;16;15;2;10.768;2126;12894;3171;5508;25;43;-18;-20;Administraçăo, defesa, educaçăo e saúde públicas e seguridade social;17.295,69;Năo;Năo;Sim;Sim;Sim;Năo;Năo;Năo;Sim;27/05/2020;172;0,605714286;20/05/2020;179;0,261363636;0,295;0,3456;0,3383;0,3402;0,2545;0,4243;0,0452;0;-0,0911;1;0,086;0;0.14768257225927825;0.16488289126725608;1.7200319007977831;6.652148233;2.52720018;-4.124948053000001;-0.9678278033263346;0.40958256028571427;-0.347142857152107;-3.715163877215414;-4.019404420956835;-0.9209524986748587;-9.151079136690647;RR;19257;0;-20;True
Normandia;RR;GUTE BRASIL;JAIRO ARAÚJO;DR RAPOSO;11.772;9;3 - 10001 até 20000;1 - Norte;MASCULINO;0;PL;5,627241012;2,721465734;2,905775278;5608;702;6310;2356;2073;37;33;4;6.141;771;6912;1225;1463;18;21;-3;-8;Administraçăo, defesa, educaçăo e saúde públicas e seguridade social;16.892,62;Sim;Năo;Sim;Sim;Sim;Năo;Năo;Sim;Sim;27/05/2020;172;0,605714286;23/03/2020;237;0,920454545;0,237;0,2738;0,2724;0,2455;0,2334;0,217;0,0085;0;-0,0404;1;-0,0554;1;0.11125198098256735;0.1115451388888889;0.02931579063215478;2.721465734;5.627241012;2.9057752779999997;0.7264486629205411;0.6465955472857142;-0.11012987015210707;-5.405879987381042;3.011318910043165;0.7733239675720169;-7.151079136690647;RR;11772;0;-8;True
Pacaraima;RR;JULIANO TORQUATO;TEIA MOTA;WALDERY DAVILA;20.108;10;4 - 20001 até 50000;1 - Norte;MASCULINO;1;REPUBLICANOS;2,380469825;3,717669686;-1,33719986;7148;1473;8621;2671;2028;31;24;7;6.316;1817;8133;2959;2541;36;31;5;-2;Administraçăo, defesa, educaçăo e saúde públicas e seguridade social;15.358,91;Sim;Năo;Sim;Sim;Sim;Năo;Năo;Sim;Năo;27/05/2020;172;0,605714286;22/03/2020;238;0,931818182;0,2529;0,277;0,303;0,3148;0,2965;0,3671;0,0619;0;0,0195;0;0,0641;0;0.17086184897343695;0.22341079552440674;5.254894655096979;3.717669686;2.380469825;-1.3371998609999998;-0.4457991698384502;0.648218924;-0.10850649343782126;-0.18030112291621858;-1.2316562289568342;-0.3989238651869744;-4.151079136690647;RR;20108;1;-2;True
Sao luiz;RR;JAMES BATISTA;PROF, ITAMAR;MIGUEL RODRIGUES;8.232;9;2 - 5001 até 10000;1 - Norte;MASCULINO;1;SOLIDARIEDADE;1,807622126;3,230492309;-1,422870183;4493;712;5205;1652;1286;32;25;7;4.647;749;5396;2925;1486;54;28;27;20;Administraçăo, defesa, educaçăo e saúde públicas e seguridade social;20.364,42;Sim;Năo;Năo;Sim;Sim;Năo;Năo;Năo;Sim;27/05/2020;172;0,605714286;22/03/2020;238;0,931818182;0,3446;0,4451;0,2817;0,3849;0,4025;0,326;0,0403;0;-0,0426;1;0,0443;0;0.1367915465898175;0.1388065233506301;0.2014976760812609;3.230492309;1.807622126;-1.4228701830000001;-0.5806223042472194;0.36250463828571433;-0.39422077915210696;-5.233698101931936;-1.3173265509568346;-0.5337469995957436;-4.151079136690647;RR;8232;1;20;True
Uiramuta;RR;DEDEL;PROF, ZELANDES;TUXAUA BENISIO;11.014;9;3 - 10001 até 20000;1 - Norte;MASCULINO;0;PP;2,837985304;3,041805079;-0,203819774;4544;798;5342;1480;663;28;12;15;5.040;668;5708;1674;2066;29;36;-7;-22;Administraçăo, defesa, educaçăo e saúde públicas e seguridade social;11.985,64;Năo;Năo;Sim;Sim;Sim;Năo;Năo;Sim;Sim;30/04/2020;199;0,76;23/03/2020;237;0,920454545;0,151;0,3034;0,1197;0,1605;0,1948;0,1467;0,0095;0;-0,1086;1;0,027;0;0.14938225383751405;0.11702873160476523;-3.2353522232748815;3.041805079;2.837985304;-0.20381977499999993;-0.06935671475989279;0.6686363635714285;-0.08808905386639276;-8.67054800128808;-0.09827614295683448;-0.02248141010841699;3.8489208633093526;RR;11014;0;-22;True
Bage;RS;DIVALDO LARA;DR FICO;MAINARDI;121.518;12;6 - 100001 até 500000;4 - Sul;MASCULINO;1;PTB;2,442414873;1,669993863;0,77242101;72686;18969;91655;45948;11060;50;12;38;65.475;25454;90929;30623;24218;34;27;7;-31;Demais serviços;25.942,27;Sim;Năo;Năo;Sim;Sim;Năo;Sim;Sim;Sim;30/04/2020;199;0,76;19/03/2020;241;0,965909091;0,5588;0,5456;0,6624;0,6249;0,6783;0,6645;0,0661;0;0,1327;0;0,0021;0;0.20696088593093667;0.279932694739852;7.297180880891532;1.669993863;2.442414873;0.7724210100000002;0.3801673003505072;0.6751298701428572;-0.0815955472949641;1.861985102878335;0.8779646420431656;0.427042605001983;26.848920863309353;RS;121518;1;-31;True
Cachoeira do sul;RS;SÉRGIO GHIGNATTI;BALARDIN;JOSÉ OTÁVIO GERMANO;81.552;11;5 - 50001 até 100000;4 - Sul;MASCULINO;0;PL;4,743269775;3,972853601;0,770416174;52655;16534;69189;17728;9755;26;14;12;46.372;20704;67076;9215;13574;14;20;-6;-18;Demais serviços;28.933,11;Sim;Sim;Sim;Sim;Sim;Sim;Sim;Sim;;10/05/2020;189;0,702857143;20/03/2020;240;0,954545455;0,5796;0,615;0,6531;0,6461;0,7665;0,6371;0,0665;0;0,1515;0;-0,016;1;0.23896862217982628;0.30866479813942393;6.969617595959765;3.972853601;4.743269775;0.7704161739999997;0.1772420961594767;0.951057514;0.19433209656217876;1.5344218179465674;0.8759598060431651;0.2241174008109525;0.8489208633093526;RS;81552;0;-18;True
Guaiba;RS;SPEROTTO;MARANATA;MARCELO MARANATA;98.331;11;5 - 50001 até 100000;4 - Sul;MASCULINO;0;PTB;3,252230808;2,215377859;1,036852949;60754;12319;73073;28434;18880;39;26;13;54.242;20245;74487;18295;18507;25;25;0;-13;Demais serviços;59.309,03;Sim;Sim;Sim;Sim;Sim;Sim;Sim;Sim;Sim;11/05/2020;188;0,697142857;21/03/2020;239;0,943181818;0,5739;0,6064;0,6667;0,5774;0,5821;0,6793;0,0035;0;-0,0243;1;0,0126;0;0.16858483981771652;0.2717923933035295;10.320755348581297;2.215377859;3.252230808;1.036852949;0.38391818341799006;0.9486178107142857;0.19189239327646446;4.8855595705681;1.1423965810431655;0.4307934880694658;1.8489208633093526;RS;98331;0;-13;True
Novo hamburgo;RS;FATIMA DAUDT;PAULO RITZEL;DELEGADO ZUCCO;247.303;12;6 - 100001 até 500000;4 - Sul;FEMININO;1;PSDB;3,2228836;3,70004172;-0,47715812;146654;31484;178138;36435;33223;20;19;2;126.445;51545;177990;51467;26095;29;15;14;12;Demais serviços;37.575,54;Sim;Sim;Sim;Sim;Sim;Sim;Sim;Sim;Sim;25/04/2020;204;0,788571429;20/03/2020;240;0,954545455;0,6991;0,707;0,8789;0,7597;0,7644;0,8907;0,0606;0;0,0574;0;0,0118;0;0.17673938182757187;0.28959492106298107;11.28555392354092;3.70004172;3.2228836;-0.47715812000000035;-0.13806760850157704;0.963302412;0.2065769945621787;5.850358145527723;-0.37161448795683494;-0.09119230385010124;-9.151079136690647;RS;247303;1;12;True
Uruguaiana;RS;RONNIE MELLO;SCHNEIDER;DELEGADO EPIFÂNIO;126.766;12;6 - 100001 até 500000;4 - Sul;MASCULINO;1;PP;1,764945086;2,137933456;-0,37298837;67035;23215;90250;28305;9783;31;11;21;57.925;28655;86580;40409;10568;47;12;34;14;Demais serviços;22.387,44;Sim;Năo;Sim;Sim;Sim;Sim;Sim;Sim;Sim;10/05/2020;189;0,702857143;19/03/2020;241;0,965909091;0,5637;0,5352;0,6644;0,5892;0,5739;0,6391;0,0255;0;0,0387;0;-0,0253;1;0.2572299168975069;0.330965580965581;7.373566406807408;2.137933456;1.764945086;-0.37298836999999985;-0.1917201105497641;0.8098237477142858;0.05309833027646449;1.9383706287942104;-0.26744473795683443;-0.1448448058982883;9.848920863309353;RS;126766;1;14;True
Itajai;SC;VOLNEI MORASTONI;ANNA CAROLINA;ROBISON COELHO;226.617;12;6 - 100001 até 500000;4 - Sul;MASCULINO;1;MDB;2,304165474;2,954759072;-0,650593597;117462;25669;143131;38613;27824;27;19;8;113.680;34104;147784;49888;46734;34;32;2;-5;Comércio e reparaçăo de veículos automotores e motocicletas;148.284,92;Sim;Năo;Sim;Sim;Sim;Sim;Sim;Sim;Sim;07/05/2020;192;0,72;23/03/2020;237;0,920454545;0,749;0,6935;0,8762;0,781;0,7367;0,9029;0,032;0;0,0432;0;0,0267;0;0.17933920674067813;0.23076923076923078;5.143002402855265;2.954759072;2.304165474;-0.6505935979999999;-0.2486985546488268;0.8057792207142856;0.04905380327646436;-0.2921933751579324;-0.5450499659568345;-0.201823249997351;-3.1510791366906474;SC;226617;1;-5;True
Jaragua do sul;SC;ANTIDIO LUNELLI;IVO KONELL;LEANDRO SCHMOCKEL;184.579;12;6 - 100001 até 500000;4 - Sul;MASCULINO;1;MDB;1,708427533;2,903720424;-1,195292891;96690;17659;114349;37957;24953;33;22;11;89.476;24747;114223;56476;23455;49;21;29;18;Indústrias de transformaçăo;55.108,89;Năo;Năo;Năo;Sim;Năo;Năo;Sim;Năo;Sim;13/04/2020;216;0,857142857;23/03/2020;237;0,920454545;0,7788;0,719;0,8759;0,8141;0,7776;0,933;0,0353;0;0,0586;0;0,0571;0;0.154430733981058;0.2166551395078049;6.222440552674691;2.903720424;1.708427533;-1.1952928909999998;-0.5304194434963293;0.5396567717142857;-0.21706864572353557;0.7872447746614935;-1.0897492589568343;-0.4835441388448535;-0.15107913669064743;SC;184579;1;18;True
Lages;SC;ANTONIO CERON;MARCIUS MACHADO;CARMEN ZANOTTO;157.158;12;6 - 100001 até 500000;4 - Sul;MASCULINO;1;PSD;3,196637098;2,963309633;0,233327465;100952;21124;122076;35242;30525;29;25;4;88.828;34173;123001;28329;28273;23;23;0;-4;Demais serviços;37.369,21;Sim;Năo;Sim;Sim;Sim;Năo;Sim;Sim;Sim;13/04/2020;216;0,857142857;23/03/2020;237;0,920454545;0,6711;0,576;0,8379;0,7191;0,6293;0,8546;0,048;0;0,0533;0;0,0167;0;0.17303974573216685;0.27782700953650785;10.4787263804341;2.963309633;3.196637098;0.2333274649999999;0.07579258737791664;0.8253710574285715;0.06864563999075024;5.043530602420903;0.3388710970431653;0.12266789202939243;-7.151079136690647;SC;157158;1;-4;True
Sao bento do sul;SC;MAGNO BOLLMANN;TOMAZINI;TOMAZINI;86.317;11;5 - 50001 até 100000;4 - Sul;MASCULINO;0;PP;3,376742979;2,953936132;0,422806847;51125;9288;60413;18048;17903;30;30;0;46.917;14755;61672;10985;17288;18;28;-10;-10;Indústrias de transformaçăo;42.665,85;Sim;Năo;Năo;Sim;Sim;Sim;Sim;Năo;Sim;15/07/2020;123;0,325714286;24/03/2020;236;0,909090909;0,7793;0,6785;0,9023;0,8241;0,7252;0,9744;0,0448;0;0,0467;0;0,0721;0;0.15374174432655224;0.2392495784148398;8.550783408828755;2.953936132;3.376742979;0.42280684699999993;0.13377306621601817;0.4621150278571429;-0.29461038958067837;3.1155876308155577;0.5283504790431653;0.18064837086749397;-11.151079136690647;SC;86317;0;-10;True
Tubarao;SC;JOARES PONTICELLI;CARLOS STÜPP;DR CRISTIANO;107.143;12;6 - 100001 até 500000;4 - Sul;MASCULINO;1;PP;1,994433329;3,078777333;-1,084344004;63975;12082;76057;26555;15930;35;21;14;56.842;21652;78494;35023;10898;45;14;31;17;Demais serviços;37.995,67;Năo;Năo;Sim;Sim;Sim;Sim;Sim;Năo;Sim;26/06/2020;142;0,434285714;18/03/2020;242;0,977272727;0,7652;0,6975;0,8931;0,8023;0,7782;0,9305;0,0371;0;0,0807;0;0,0374;0;0.15885454330304902;0.2758427395724514;11.69881962694024;3.078777333;1.994433329;-1.084344004;-0.43417258398772124;0.6302226344285715;-0.12650278300924978;6.263623848927043;-0.9788003719568347;-0.38729727933624547;2.8489208633093526;SC;107143;1;17;True
Boquim;SE;ERALDO DE CABEÇA DANTAS;JEAN  CARLOS;PEDRO BARBOSA;26.980;10;4 - 20001 até 50000;2 - Nordeste;MASCULINO;1;PP;2,196425692;1,947200963;0,249224729;17522;2675;20197;9612;6894;48;34;13;16.825;4055;20880;8804;6183;42;30;13;-1;Administraçăo, defesa, educaçăo e saúde públicas e seguridade social;11.285,12;Sim;Năo;Sim;Sim;Sim;Sim;Sim;Năo;Sim;29/04/2020;200;0,765714286;21/03/2020;239;0,943181818;0,444;0,5768;0,3717;0,4623;0,5437;0,3779;0,0183;0;-0,0331;1;0,0062;0;0.13244541268505222;0.19420498084291188;6.175956815785966;1.947200963;2.196425692;0.24922472900000003;0.12043841586977003;0.6726994434285715;-0.08402597400924983;0.7407610377727689;0.35476836104316545;0.16731372052124582;1.8489208633093526;SE;26980;1;-1;True
Itabaianinha;SE;DANILO DE JOALDO;ALAN VIEIRA;PROFESSOR GLEINYSON;42.399;11;4 - 20001 até 50000;2 - Nordeste;MASCULINO;1;DEM;1,994363941;3,106888211;-1,11252427;24353;3273;27626;8465;7068;31;26;5;25.166;4477;29643;12481;11221;42;38;4;-1;Administraçăo, defesa, educaçăo e saúde públicas e seguridade social;11.173,80;Sim;Năo;Sim;Sim;Sim;Năo;Năo;Sim;Sim;08/05/2020;191;0,714285714;24/03/2020;236;0,909090909;0,3784;0,5334;0,3814;0,4238;0,4814;0,3673;0,0454;0;-0,052;1;-0,0141;1;0.11847534930862232;0.1510305974429039;3.255524813428158;3.106888211;1.994363941;-1.1125242699999998;-0.4432964771010033;0.6604823747142856;-0.09624304272353568;-2.179670964585039;-1.0069806379568342;-0.39642117244952746;-6.151079136690647;SE;42399;1;-1;True
Nossa senhora do socorro;SE;PADRE INALDO;DR, SAMUEL;DR, SAMUEL;187.733;12;6 - 100001 até 500000;2 - Nordeste;MASCULINO;1;PP;3,54293029;1,666900868;1,876029422;88234;12200;100434;35190;12276;35;12;23;92.072;17046;109118;27042;24018;25;22;3;-20;Administraçăo, defesa, educaçăo e saúde públicas e seguridade social;14.937,02;Sim;Sim;Sim;Sim;Sim;Sim;Sim;Sim;Sim;29/04/2020;200;0,765714286;19/03/2020;241;0,965909091;0,371;0,3632;0,4922;0,4182;0,3534;0,4779;0,0472;0;-0,0098;1;-0,0143;1;0.12147280801322262;0.15621620630876665;3.474339829554403;1.666900868;3.54293029;1.8760294220000002;0.7539880155795896;0.9616604824285714;0.2049350649907501;-1.9608559484587942;1.9815730540431657;0.8008633202310654;11.848920863309353;SE;187733;1;-20;True
Porto da folha;SE;MIGUEL DE DR MARCOS;DEMAR;VANDA DE DR JULIO;28.788;10;4 - 20001 até 50000;2 - Nordeste;MASCULINO;1;PSD;1,849687933;3,155931922;-1,30624399;18727;2843;21570;7522;5180;35;24;11;18.785;3796;22581;11689;5017;52;22;30;19;Administraçăo, defesa, educaçăo e saúde públicas e seguridade social;10.866,51;Sim;Năo;Sim;Sim;Sim;Năo;Sim;Sim;Sim;27/04/2020;202;0,777142857;24/03/2020;236;0,909090909;0,3581;0,5765;0,2778;0,3343;0,4252;0,2595;-0,0238;1;-0,1513;1;-0,0183;1;0.13180343069077421;0.16810592976396085;3.630249907318664;3.155931922;1.849687933;-1.3062439890000002;-0.5342668917785754;0.8123191094285714;0.05559369199075015;-1.8049458706945334;-1.2007003569568346;-0.4873915871270996;-0.15107913669064743;SE;28788;1;19;True
Tobias barreto;SE;DIÓGENES ALMEIDA;CESAR PRADO;DILSON DE AGRIPINO;52.861;11;5 - 50001 até 100000;2 - Nordeste;MASCULINO;0;MDB;2,271468636;2,048794039;0,222674597;31869;4604;36473;14872;14415;41;40;1;32.109;6778;38887;14047;14458;36;37;-1;-2;Administraçăo, defesa, educaçăo e saúde públicas e seguridade social;11.576,62;Sim;Năo;Sim;Sim;Sim;Năo;Năo;Năo;Sim;27/04/2020;202;0,777142857;24/03/2020;236;0,909090909;0,3506;0,3909;0,3893;0,421;0,5139;0,4003;0,0704;0;0,123;0;0,011;0;0.12623036218572642;0.1742998945663075;4.806953238058109;2.048794039;2.271468636;0.2226745969999997;0.1031752521149409;0.5266048237142857;-0.23012059372353555;-0.6282425399550879;0.3282182290431651;0.1500505567664167;-10.151079136690647;SE;52861;0;-2;True
Barueri;SP;RUBENS FURLAN;SAULO GOES;MARI TAVELLI;279.704;13;6 - 100001 até 500000;3 - Sudeste;MASCULINO;1;PSDB;1,363209619;1,366964059;-0,00375444;200800;44227;245027;143250;19122;58;8;51;196.045;65383;261428;145377;9965;56;4;52;1;Demais serviços;185.046,58;Sim;Sim;Năo;Sim;Sim;Sim;Sim;Sim;Sim;04/05/2020;195;0,737142857;23/03/2020;237;0,920454545;0,7795;0,7516;0,9018;0,8304;0,8044;0,9271;0,0509;0;0,0528;0;0,0253;0;0.18049847567819058;0.2500994537692979;6.96009780911073;1.366964059;1.363209619;-0.0037544400000000255;-0.002750332256811768;0.8082282002857143;0.051502782847893;1.5249020310975325;0.10178919204316542;0.04412497239466403;39.84892086330935;SP;279704;1;1;True
Bauru;SP;GAZZETTA;RAUL;SUÉLLEN ROSIM;381.706;13;6 - 100001 até 500000;3 - Sudeste;MASCULINO;0;PSDB;3,797054933;3,06473185;0,732323083;204156;59307;263463;78349;52668;30;20;10;188.276;82473;270749;14264;57844;5;21;-16;-26;Demais serviços;40.021,97;Sim;Sim;Sim;Sim;Sim;Sim;Sim;Sim;Sim;22/04/2020;207;0,805714286;20/03/2020;240;0,954545455;0,755;0,6916;0,8852;0,8154;0,769;0,9213;0,0604;0;0,0774;0;0,0361;0;0.22510561255280628;0.30461054334457377;7.9504930791767485;3.06473185;3.797054933;0.7323230830000003;0.21426567082352704;0.9657513915714285;0.20902597413360724;2.5152973011635513;0.8378667150431657;0.2611409754750028;-1.1510791366906474;SP;381706;0;-26;True
Carapicuiba;SP;MARCOS NEVES;PROFESSORA SÔNIA;PROFESSORA SÔNIA;405.375;13;6 - 100001 até 500000;3 - Sudeste;MASCULINO;1;PSDB;1,780582832;2,144235067;-0,363652235;227232;57561;284793;102287;67794;36;24;12;208.176;82962;291138;128773;21085;44;7;37;25;Demais serviços;15.437,46;Năo;Năo;Sim;Sim;Sim;Sim;Năo;Sim;Sim;30/04/2020;199;0,76;21/03/2020;239;0,943181818;0,5598;0,5462;0,5524;0,5984;0,5586;0,5415;0,0386;0;0,0124;0;-0,0109;1;0.20211522052859446;0.2849576489499825;8.284242842138804;2.144235067;1.780582832;-0.363652235;-0.18584213224040338;0.6718831168571429;-0.08484230058067843;2.8490470641256067;-0.2581086029568346;-0.1389668275889276;0.8489208633093526;SP;405375;1;25;True
Franca;SP;GILSON DE SOUZA;SIDNEI FRANCO DA ROCHA;FLÁVIA LANCHA;358.539;13;6 - 100001 até 500000;3 - Sudeste;MASCULINO;0;DEM;5,738917833;3,297367967;2,441549866;184127;47779;231906;34976;69902;15;30;-15;168.300;69824;238124;9664;35338;4;15;-11;4;Demais serviços;27.839,58;Sim;Năo;Sim;Sim;Sim;Sim;Sim;Sim;Sim;04/05/2020;195;0,737142857;20/03/2020;240;0,954545455;0,6997;0,5836;0,7873;0,7383;0,6611;0,7721;0,0386;0;0,0775;0;-0,0152;1;0.20602744215328625;0.2932253783742924;8.719793622100616;3.297367967;5.738917833;2.4415498660000003;0.5541460972469551;0.8130983302857143;0.05637291284789303;3.2845978440874184;2.5470934980431656;0.6010214018984309;-26.151079136690647;SP;358539;0;4;True
Guarulhos;SP;GUTI;ELI CORREA FILHO;ELÓI PIETÁ;1.404.694;14;7 - Maior que 500000;3 - Sudeste;MASCULINO;1;PSD;2,949102366;4,463099691;-1,513997325;746500;156310;902810;208591;135134;23;15;8;700.764;172116;872880;261211;184502;30;21;9;1;Demais serviços;47.301,43;Sim;Năo;Sim;Sim;Năo;Sim;Sim;Sim;Sim;19/03/2020;241;1;21/04/2020;208;0,590909091;0,6832;0,602;0,8237;0,7341;0,6444;0,8314;0,0509;0;0,0424;0;0,0077;0;0.1731372049489926;0.1971817431949409;2.4044538245948295;4.463099691;2.949102366;-1.513997325;-0.414342681278293;0.7987012987142857;0.041975881276464455;-3.0307419534183677;-1.4084536929568345;-0.36746737662681717;-3.1510791366906474;SP;1404694;1;1;True
Jundiai;SP;LUIZ FERNANDO MACHADO;PEDRO BIGARDI;PEDRO BIGARDI;426.935;13;6 - 100001 até 500000;3 - Sudeste;MASCULINO;1;PSDB;2,01801993;2,935141909;-0,917121979;241046;49232;290278;94388;53576;33;18;14;228.515;86360;314875;134793;11026;43;4;39;25;Demais serviços;121.121,33;Năo;Sim;Sim;Sim;Năo;Năo;Sim;Năo;Sim;04/05/2020;195;0,737142857;20/03/2020;240;0,954545455;0,7829;0,7715;0,8341;0,8165;0,7932;0,8715;0,0336;0;0,0217;0;0,0374;0;0.16960293236139148;0.27426756649464074;10.466463413324925;2.935141909;2.01801993;-0.917121979;-0.37463900470984557;0.8130983302857143;0.05637291284789303;5.031267635311728;-0.8115783469568346;-0.32776370005836974;2.8489208633093526;SP;426935;1;25;True
Limeira;SP;MARIO BOTION;MURILO FELIX;MURILO FELIX;310.783;13;6 - 100001 até 500000;3 - Sudeste;MASCULINO;1;PSD;4,700248242;3,009621414;1,690626828;168245;44325;212570;71827;27143;34;13;21;163.294;63333;226627;45248;31402;20;14;6;-15;Demais serviços;44.418,06;Sim;Năo;Sim;Sim;Sim;Sim;Sim;Sim;Sim;06/05/2020;193;0,725714286;20/03/2020;240;0,954545455;0,7559;0,68;0,872;0,7828;0,6923;0,8732;0,0269;0;0,0123;0;0,0012;0;0.20851954650232865;0.27945919947755565;7.0939652975227006;3.009621414;4.700248242;1.6906268279999996;0.44580102999745336;0.8114656772857142;0.05474025984789288;1.6587695195095034;1.7961704600431652;0.4926763346489291;9.848920863309353;SP;310783;1;-15;True
Mogi das cruzes;SP;MARCUS MELO;GONDIM;CAIO CUNHA;455.587;13;6 - 100001 até 500000;3 - Sudeste;MASCULINO;0;PSDB;3,285381394;1,931078975;1,354302418;240669;56263;296932;129763;64604;44;22;22;230.971;88855;319826;81555;54591;25;17;8;-14;Demais serviços;37.632,19;Sim;Sim;Năo;Sim;Năo;Sim;Sim;Sim;Sim;13/05/2020;186;0,685714286;22/03/2020;238;0,931818182;0,7241;0,6771;0,7966;0,7643;0,73;0,7877;0,0402;0;0,0529;0;-0,0089;1;0.1894810933142942;0.2778229412242907;8.83418479099965;1.931078975;3.285381394;1.354302419;0.531403845763329;0.8025046382857142;0.045779220847892876;3.398989012986453;1.4598460510431654;0.5782791504148048;10.848920863309353;SP;455587;0;-14;True
Osasco;SP;ROGÉRIO LINS;LAPAS;DR LINDOSO;701.428;13;7 - Maior que 500000;3 - Sudeste;MASCULINO;1;PODE;2,262291334;3,134282804;-0,87199147;444673;121410;566083;109705;107232;19;19;0;407.183;160178;567361;204207;66543;36;12;24;24;Demais serviços;109.025,60;Năo;Sim;Năo;Sim;Năo;Năo;Sim;Sim;Sim;04/05/2020;195;0,737142857;20/03/2020;240;0,954545455;0,6502;0,5847;0,7207;0,7209;0,6971;0,728;0,0707;0;0,1124;0;0,0073;0;0.214473849241189;0.2823211324007114;6.784728315952238;3.134282804;2.262291334;-0.8719914700000002;-0.3260222129866028;0.8130983302857143;0.05637291284789303;1.3495325379390408;-0.7664478379568348;-0.279146908335127;-11.151079136690647;SP;701428;1;24;True
Ribeirao preto;SP;DUARTE NOGUEIRA;RICARDO SILVA;SUELY VILELA;720.116;13;7 - Maior que 500000;3 - Sudeste;MASCULINO;1;PSDB;3,574115174;3,784171521;-0,210056347;325672;109709;435381;100462;70215;23;16;7;298.508;143337;441845;115724;52266;26;12;14;7;Demais serviços;49.476,86;Năo;Năo;Sim;Sim;Sim;Năo;Sim;Sim;Sim;17/04/2020;212;0,834285714;19/03/2020;241;0,965909091;0,7495;0,683;0,9068;0,8132;0,8223;0,9234;0,0637;0;0,1393;0;0,0166;0;0.2519838945659089;0.32440561735450213;7.2421722788593215;3.784171521;3.574115174;-0.2100563470000001;-0.057109336386549046;0.828599257857143;0.07187384041932166;1.8069765008461243;-0.10451271495683465;-0.01023403173507325;-4.151079136690647;SP;720116;1;7;True
Sao bernardo do campo;SP;ORLANDO MORANDO;ALEX MANENTE;LUIZ MARINHO;849.874;14;7 - Maior que 500000;3 - Sudeste;MASCULINO;1;PSDB;1,958582115;2,98057938;-1,021997265;489196;122581;611777;169310;106726;28;17;10;455.094;165087;620181;261761;90803;42;15;28;17;Demais serviços;57.566,99;Năo;Sim;Năo;Sim;Sim;Năo;Sim;Sim;Sim;06/05/2020;193;0,725714286;23/03/2020;237;0,920454545;0,6309;0,5613;0,719;0,6997;0,6323;0,7516;0,0688;0;0,071;0;0,0326;0;0.20036876182007496;0.26619164405230084;6.582288223222587;2.98057938;1.958582115;-1.021997265;-0.41989690369808985;0.8065955472857143;0.04987012984789296;1.14709244520939;-0.9164536329568346;-0.373021599046614;-1.1510791366906474;SP;849874;1;17;True
Sao jose do rio preto;SP;EDINHO ARAÚJO;BOLÇONE;CORONEL HELENA;469.173;13;6 - 100001 até 500000;3 - Sudeste;MASCULINO;1;MDB;2,62838815;2,568764078;0,059624073;248340;70127;318467;113377;69857;36;22;14;228.368;104172;332540;111525;55234;34;17;17;3;Demais serviços;40.204,08;Sim;Năo;Năo;Sim;Sim;Sim;Sim;Sim;Sim;05/05/2020;194;0,731428571;20/03/2020;240;0,954545455;0,7718;0,7447;0,8672;0,8139;0,7863;0,8808;0,0421;0;0,0416;0;0,0136;0;0.220201779148232;0.3132615625187947;9.305978337056272;2.568764078;2.62838815;0.05962407200000008;0.022945907851201843;0.6694248608571429;-0.08730055658067837;3.870782559043075;0.16516770404316553;0.06982121250267764;2.8489208633093526;SP;469173;1;3;True
Suzano;SP;RODRIGO ASHIUCHI;LACERDA;ISRAEL LACERDA;303.397;13;6 - 100001 até 500000;3 - Sudeste;MASCULINO;1;PL;1,446343915;4,004094228;-2,557750313;172180;39671;211851;43983;38936;21;18;2;165.954;52005;217959;110001;8579;50;4;47;44;Indústrias de transformaçăo;42.170,50;Sim;Sim;Năo;Sim;Sim;Sim;Sim;Sim;Sim;22/04/2020;207;0,805714286;20/03/2020;240;0,954545455;0,8134;0,8039;0,8942;0,8498;0,8533;0,9099;0,0364;0;0,0494;0;0,0157;0;0.18725896974760564;0.23859992016847206;5.134095042086642;4.004094228;1.446343915;-2.5577503129999997;-1.0182784603193693;0.8228942487142856;0.06616883127646433;-0.3011007359265552;-2.4522066809568344;-0.9714031556678935;-9.151079136690647;SP;303397;1;44;True
Araguatins;TO;CLAUDIO SANTANA;AQUILES DA AREIA;AQUILES DA AREIA;36.573;11;4 - 20001 até 50000;1 - Norte;MASCULINO;0;MDB;2,754090497;3,05395754;-0,299867043;16573;4582;21155;5881;5542;28;26;2;16.513;4035;20548;2712;8231;13;40;-27;-28;Administraçăo, defesa, educaçăo e saúde públicas e seguridade social;12.880,85;Sim;Năo;Sim;Sim;Sim;Sim;Sim;Sim;Sim;01/05/2020;198;0,754285714;19/03/2020;241;0,965909091;0,4018;0,3743;0,363;0,4513;0,4964;0,3903;0,0495;0;0,1221;0;0,0273;0;0.21659182226424012;0.19636947634806307;-2.022234591617705;3.05395754;2.754090497;-0.2998670429999999;-0.1033510436519423;0.8171706864285715;0.0604452689907502;-7.457430369630902;-0.19432341095683445;-0.0564757390004665;-9.151079136690647;TO;36573;0;-28;True
Augustinopolis;TO;JULIO OLIVEIRA;CARMEM;ANTÔNIO DO BAR;18.870;10;3 - 10001 até 20000;1 - Norte;MASCULINO;0;SOLIDARIEDADE;2,359853417;1,991487292;0,368366125;9796;2200;11996;4913;4310;41;36;5;9.801;1932;11733;4224;4281;36;36;0;-6;Administraçăo, defesa, educaçăo e saúde públicas e seguridade social;15.615,46;Sim;Năo;Năo;Sim;Sim;Năo;Năo;Năo;Sim;04/05/2020;195;0,737142857;04/05/2020;195;0,443181818;0,4374;0,5213;0,4033;0,5186;0,631;0,4087;0,0812;0;0,1097;0;0,0054;0;0.1833944648216072;0.1646637688570698;-1.8730695964537414;1.991487292;2.359853417;0.3683661250000001;0.16971776316840198;0.31147495357142857;-0.4452504638663927;-7.308265374466939;0.4739097570431655;0.21659306781987778;-6.151079136690647;TO;18870;0;-6;True
Colinas do tocantins;TO;ADRIANO RABELO;FABRICIO SANTANA;DR KASARIN;36.271;10;4 - 20001 até 50000;1 - Norte;MASCULINO;0;MDB;3,283941346;1,935803088;1,348138258;19553;2104;21657;11407;6892;53;32;21;17.723;4450;22173;5268;6202;24;28;-4;-25;Administraçăo, defesa, educaçăo e saúde públicas e seguridade social;22.179,14;Sim;Năo;Sim;Sim;Sim;Năo;Sim;Sim;Sim;05/05/2020;194;0,731428571;24/03/2020;236;0,909090909;0,4959;0,399;0,5009;0,5524;0,4827;0,5588;0,0565;0;0,0837;0;0,0579;0;0.09715103661633652;0.20069453840256168;10.354350178622516;1.935803088;3.283941346;1.3481382580000003;0.5285220579570536;0.8057884971428572;0.04906307970503587;4.919154400609319;1.4536818900431658;0.5753973626085295;9.848920863309353;TO;36271;0;-25;True
Porto nacional;TO;JOAQUIM MAIA;OTONIEL;RONIVON;53.618;11;5 - 50001 até 100000;1 - Norte;MASCULINO;0;MDB;3,040192107;2,028408498;1,011783609;33559;3455;37014;16988;13923;46;38;8;32.899;7420;40319;9497;11294;24;28;-4;-13;Comércio e reparaçăo de veículos automotores e motocicletas;49.193,72;Sim;Năo;Sim;Sim;Sim;Sim;Sim;Sim;Sim;05/05/2020;194;0,731428571;22/03/2020;238;0,931818182;0,5407;0,5486;0,5724;0,5693;0,5898;0,5972;0,0286;0;0,0412;0;0,0248;0;0.09334305938293619;0.184032342071976;9.068928268903981;2.028408498;3.040192107;1.011783609;0.4046692120747127;0.8090352504285715;0.052309832990750205;3.633732490890784;1.1173272410431656;0.45154451672618845;-3.1510791366906474;TO;53618;0;-13;True
Taguatinga;TO;MIRANDA TAGUATINGA;LUCIN;PAULO ROBERTO;16.966;10;3 - 10001 até 20000;1 - Norte;MASCULINO;0;PV;2,884664882;2,642070743;0,242594139;8836;1290;10126;2710;1292;27;13;14;7.869;2015;9884;2162;3147;22;32;-10;-24;Administraçăo, defesa, educaçăo e saúde públicas e seguridade social;14.300,16;Năo;Năo;Sim;Sim;Sim;Sim;Năo;Sim;Sim;05/05/2020;194;0,731428571;21/03/2020;239;0,943181818;0,3852;0,4944;0,3379;0,3903;0,3894;0,3684;0,0051;0;-0,105;1;0,0305;0;0.12739482520244913;0.2038648320518009;7.647000684935176;2.642070743;2.884664882;0.24259413899999993;0.08784575241346251;0.6678014841428571;-0.08892393329496417;2.211804906921979;0.34813777104316534;0.1347210570649383;2.8489208633093526;TO;16966;0;-24;True
